frame,root pos x,root pos y,root pos z,root rot x,root rot y,root rot z,root rot w,l_hip_pitch,l_hip_roll,l_thigh,l_calf,l_ankle_pitch,l_ankle_roll,r_hip_pitch,r_hip_roll,r_thigh,r_calf,r_ankle_pitch,r_ankle_roll,l_shoulder_pitch,l_shoulder_roll,l_upper_arm,l_elbow,l_wrist,r_shoulder_pitch,r_shoulder_roll,r_upper_arm,r_elbow,r_wrist
0,-0.005326032239903546,-0.006609415153959768,0.3451512304635747,-0.09098234968828897,-0.032190616748180335,0.9940341377539528,0.05081445875265636,-0.8845714767070635,0.06464403849592959,-0.09080896802041852,0.9908734942525746,-0.14805860878595622,0.09510065961255353,-0.9909102582926683,-0.007581484793215456,-0.009878072416538443,1.13113265440947,-0.10938724886993728,-0.03637100159565473,0.2928766294421211,0.5499087733643866,-0.16329478327220776,-1.7996480835028332,0.10792404028972186,0.2752206793757999,-0.4974903760295746,0.2595258485339391,-1.7999373549966742,-0.18279397120501914
1,-0.005341459041849671,-0.006798540300439731,0.3450516577134333,-0.0911853198207315,-0.032670857448736844,0.9940007864603826,0.050796545540975284,-0.899764580472831,0.06267368332381974,-0.0882236305939126,1.0155331066267932,-0.4614140439813577,0.0988999788042685,-0.990942829506596,-0.007979409391168996,-0.012989726881632472,1.1302426235647927,-0.41251294228761315,-0.037581884003463815,0.2964004399893415,0.5539474898329373,-0.15980650781145836,-1.7999999999967664,0.1152735660777348,0.27825398740172047,-0.5020780452369307,0.25657379667418884,-1.7999999999999976,-0.18910264885197217
2,-0.005307146874610785,-0.007078687593174235,0.3451946845308262,-0.09161974624071442,-0.03281049811012754,0.9939529324229217,0.05086119778797426,-0.8973284600346634,0.06242300793000163,-0.08951829482673496,1.0088757557591472,-0.44737518644086965,0.1036347611843644,-0.99590093006683,-0.008538143178814708,-0.012709706543634427,1.1357082680722332,-0.4294209613547447,-0.02377293127677154,0.2945077435582099,0.5521802174178452,-0.16143681587554704,-1.7999997798272978,0.11394264933274796,0.27830292101993526,-0.5048956347280067,0.255864488938083,-1.8,-0.1876777908067221
3,-0.005399323260004188,-0.007257902875516797,0.34532325767498845,-0.09246999192912456,-0.03297195944250731,0.9938629762428713,0.050975826985064546,-0.8997907829588359,0.06239207081112628,-0.08946572706836194,1.0098183876088653,-0.4404176682424182,0.10419517324582075,-0.9984014541915158,-0.008692163194537144,-0.013029879043334235,1.136469254028639,-0.43392688703108306,-0.01898505148918629,0.2938686556847607,0.5522525948786381,-0.1621555958102776,-1.7999998114258522,0.11283543626990501,0.2784456556839844,-0.5066190565121911,0.2551571606599063,-1.8,-0.18227213073336782
4,-0.005526460638398645,-0.007375571078062481,0.3454656277505193,-0.09318050417085232,-0.03320162958217997,0.9937564553357974,0.051605744970739935,-0.9015402284436002,0.06286406345949419,-0.08948739694297068,1.0105356302593174,-0.43755714976908633,0.10411127502010975,-0.9998167448159776,-0.008197997018014089,-0.013182314342139085,1.1357936949865342,-0.4342624073016085,-0.016690712586025083,0.2934588345551761,0.5533839202314813,-0.16337611580861663,-1.799999899937193,0.10798080783067393,0.2777586501490846,-0.5077569971581984,0.25532201096901,-1.8,-0.1758671830314772
5,-0.005680578115088959,-0.00745475709175288,0.3455667950781437,-0.09397547583086863,-0.03325697729973341,0.9936484085897899,0.05220558887920848,-0.9036443903674443,0.06274627114448085,-0.08974664857773705,1.0119297450268931,-0.4358733685848435,0.10331394909134198,-1.0019876311023903,-0.007292271498769295,-0.01256326597180253,1.1363757500976022,-0.43268572486957874,-0.015281158467090604,0.2933369806171687,0.5535982549039776,-0.16461228528035912,-1.799999964131905,0.10414111538891084,0.2771031089672341,-0.5078425222002878,0.25486188968578305,-1.8,-0.1688065175712014
6,-0.005773689219231035,-0.007430528885229107,0.34566388210155385,-0.09420801660184197,-0.03334909081984167,0.9936068509040228,0.05251774543930993,-0.9048548851689153,0.06313173854567561,-0.08981682503040525,1.013226052222178,-0.4342234630707428,0.10198906445394836,-1.0028649846136881,-0.0062368098437880284,-0.012304768255145138,1.1368559314983628,-0.4311377184334085,-0.014415813275246443,0.2934137144929857,0.5544734042947999,-0.1650054940306421,-1.7999999912492863,0.10120445663547241,0.2765589038460332,-0.5072127616020253,0.2546492111247264,-1.8,-0.16437171651986393
7,-0.005895689954732393,-0.007332568421863629,0.34575704971818055,-0.09416370158254449,-0.03347609451564359,0.9935804570807082,0.05301342950182173,-0.9045694946051187,0.06334704398792002,-0.09102349456281793,1.0135036156121815,-0.43342883008460314,0.10112741634787902,-1.002753099509097,-0.004815852199198847,-0.012086446513249211,1.136804774632594,-0.43022215093955823,-0.013727534910899947,0.29478490025737925,0.5552413989705084,-0.1642215818365656,-1.7999999686695918,0.09945203681391472,0.27562668402440527,-0.5063567328312112,0.25533540437137947,-1.8,-0.16072309862094353
8,-0.00602828206100931,-0.007210206483444087,0.34586362491115324,-0.09404242847276649,-0.033588751227944656,0.993561418231406,0.053511920540097326,-0.9042373718614204,0.06425486398852845,-0.09127546297542898,1.0139733964136786,-0.4322923119160723,0.09971057950751734,-1.002583136524917,-0.0031885064807211914,-0.011649907044361345,1.136918932384343,-0.4291763142331901,-0.013108719337227707,0.29707335110362737,0.5558466822737859,-0.16269665487266316,-1.7999999467800067,0.09837512604807644,0.275553371361542,-0.5052266167881316,0.2557437892102255,-1.8,-0.1579954931055927
9,-0.006202064717599762,-0.007000976971060367,0.34601484974289565,-0.09367204598595695,-0.0336319322085836,0.9935762550034207,0.05385783536404373,-0.9023088205663367,0.06541506580292941,-0.09136028021556854,1.0129623270924875,-0.4312638053892251,0.09824125390050507,-1.0004190204741823,-0.002218419464510432,-0.012083013262881154,1.1351367298784698,-0.4293242664782419,-0.012777375250186856,0.30048537315321316,0.5566938320926434,-0.1609715883418424,-1.7999998743986507,0.09655119367793208,0.2763865337356917,-0.5034106991010119,0.25555936134521273,-1.8,-0.1559259421553778
10,-0.006525958881413773,-0.0068317419495823595,0.34620524293823646,-0.09312038527377206,-0.033731545415941366,0.9935848679702763,0.054588339696370634,-0.8985907754287138,0.06645306230471214,-0.09175287953885145,1.0103366251980208,-0.4310585356144493,0.09784609493538098,-0.9969292716244822,-0.0013194027306095266,-0.012439369464553495,1.1320687985517823,-0.42979400434798176,-0.012863559911474596,0.3044490784186832,0.5589164290503575,-0.16116298023034867,-1.7999998456830721,0.0947686770734469,0.2772183855136153,-0.5030411898198294,0.2570915124451917,-1.8,-0.15409411220137742
11,-0.006720132304069609,-0.006584719566557219,0.3464124274712854,-0.09227868252444797,-0.03356087113667567,0.9936520855599091,0.05489850218852666,-0.8943604962842556,0.06793470886564643,-0.09071283358862574,1.0070834489692884,-0.43067614798892073,0.09655090353527437,-0.9931914277278366,-0.0010485932018853132,-0.012872075517537936,1.1293486318323702,-0.429804531719907,-0.013053952308446826,0.3080810348219161,0.560834172007627,-0.16085651702896642,-1.7999997595950867,0.0949861260877169,0.2774223888273981,-0.5023726800840153,0.25930406100961984,-1.8,-0.15248025765177595
12,-0.006877488458814135,-0.006302982953529797,0.34661634681166664,-0.09136950766143484,-0.033299676266749165,0.9937312015929832,0.05514565813192694,-0.8905038066005968,0.06857468182150928,-0.09070393334245257,1.0045977351697875,-0.4294079423566231,0.0949896823314705,-0.990030973293934,-0.00029850089227444914,-0.012627133225199438,1.1276366911762332,-0.4290668881274416,-0.01296974465044061,0.31207339434396997,0.5618309053908336,-0.15897131189404598,-1.799999627948904,0.0950022181675707,0.27812986144404533,-0.5010647828377872,0.2598525304184273,-1.8,-0.1521746659972305
13,-0.006998523862300968,-0.00593566066801088,0.34682578571779354,-0.0903813475149199,-0.032941266506693045,0.9938120962402347,0.05553019312873116,-0.8861298775767682,0.06944612704379138,-0.0903797202627676,1.0016738808369137,-0.42818163170589224,0.09347210004427736,-0.9869661083513734,0.0002590482122590695,-0.012604608432997894,1.1264227471903103,-0.4280174706704893,-0.012378207319906192,0.31674571419262443,0.5631179779562748,-0.15566655377812488,-1.799999466715643,0.09487421781730977,0.2784313171126767,-0.4989847317384971,0.2602029343230201,-1.8,-0.15255256189111463
14,-0.006869461830318734,-0.0057281113780138105,0.3470034799626625,-0.08954226694904918,-0.03271860219355808,0.9938581071554872,0.05619375713936998,-0.8837578917845943,0.0705350151231077,-0.08953697115089407,1.000360964226341,-0.42631278208229373,0.09155216353047649,-0.9858637096514253,0.000715462743069929,-0.01259507997455266,1.1264232702316344,-0.4259458155258148,-0.01092472104732112,0.31860593344588617,0.5637832219041666,-0.15383622817517836,-1.7999994612790493,0.09500925539912697,0.2771773228954648,-0.49765169877923515,0.2602100008916988,-1.8,-0.1538571499533315
15,-0.00673432812106998,-0.005613116965751949,0.3471369244507947,-0.08950162282618597,-0.03249061560002608,0.9938391071670182,0.05672431995957648,-0.8829132443974791,0.07123854689798975,-0.08893034919398714,0.998885000033529,-0.4250665987243882,0.09029095209613916,-0.9856928016856286,0.0005240908526846703,-0.012777951544460608,1.1253215436800386,-0.4245419138811113,-0.00978248519162111,0.3192308003014272,0.5633479150796245,-0.1528421444546969,-1.7999994496647926,0.09481471575500765,0.27637579467141965,-0.4961532744508264,0.2586301945070469,-1.8,-0.15527159772539484
16,-0.006556829136703124,-0.005554606562893424,0.34725282897490917,-0.0899389272829054,-0.0321353193941521,0.993781916387795,0.05723472081909273,-0.884001178549945,0.0715974516390319,-0.08759279003553755,0.9984999931989517,-0.4236488299356688,0.08882340331527591,-0.9870074463938254,0.00012192620671986807,-0.01216023605499703,1.1247040042497234,-0.42323452970160425,-0.008633461560304678,0.318428937333183,0.5635302138702015,-0.15376520036952504,-1.7999994916097635,0.0935187513228738,0.27489163730621724,-0.4947099434935551,0.2572181410759228,-1.8,-0.1545649562370658
17,-0.006395782649486135,-0.005644522038951538,0.3473344645840196,-0.09102822145420342,-0.03186174797448062,0.9936548927102663,0.05786748748517135,-0.8876775710064133,0.07156635434335577,-0.08614262053291896,0.9997446454338158,-0.4218073345802014,0.08722327372661096,-0.9898028825816347,0.00016788161495744276,-0.010831003922551423,1.1236435639288933,-0.42245627674141284,-0.007644282390412879,0.31758752011130886,0.5626715584493057,-0.1544415697358936,-1.7999995280320062,0.09183797696968433,0.27370421963835784,-0.4938886091089424,0.25435329217387515,-1.8,-0.15305826003221334
18,-0.006124212064749466,-0.00582541945826069,0.34738364497179647,-0.09262677402822492,-0.03164650938338769,0.9935090543850611,0.05795289493953511,-0.8935777840251197,0.07176689260436804,-0.08381522546204664,1.0022189325872781,-0.41994389216779077,0.08508510660163458,-0.9945728469406223,0.00042392168969406624,-0.009070085473107163,1.1243002919902598,-0.4208100493950535,-0.0067325889933204115,0.3149825517817733,0.5601522092022346,-0.15368204131718682,-1.7999996620901022,0.09088779888665365,0.27253596326536916,-0.49331850747618355,0.24959395441585494,-1.8,-0.1516816543282955
19,-0.005952005707297478,-0.005927540405114144,0.34748421970375415,-0.09526850366558724,-0.0314742771373468,0.9932616805238227,0.05800444888965675,-0.9028081227670044,0.0722926331963567,-0.0817388455101149,1.006485081888857,-0.41799128532272,0.08256238486914669,-1.0026643470011412,0.0018157643981145989,-0.006797657899347671,1.1268427003540582,-0.4189958381170156,-0.006064870027360892,0.3120168930870669,0.5596145027103392,-0.15165325256850665,-1.7999998524405771,0.08625071665035222,0.2699231906862564,-0.4940423371056118,0.24563158538324445,-1.8,-0.1437936504902058
20,-0.006008944064059632,-0.006024100835922572,0.34753368373331617,-0.09886618901423534,-0.03148935481240698,0.992904855743037,0.05808480563106388,-0.9148416956530778,0.0742965682937797,-0.07779712235596808,1.0132058637048749,-0.4159745655916343,0.07994096075186527,-1.0144213589180955,0.003854624158231435,-0.004835726539384455,1.133258220147722,-0.41664096477475904,-0.005536734718915084,0.30983205809664865,0.5579881104882813,-0.1461233543578385,-1.799999999999078,0.08337172318942572,0.2670573657228516,-0.4959337525239165,0.24318585420220457,-1.8,-0.13358645463077978
21,-0.005706651668236576,-0.00622776506562698,0.3473027972735452,-0.10413287705524339,-0.031034905028219914,0.9923573632477833,0.058481126818777054,-0.9333679895433018,0.07430766307805532,-0.07502452648116417,1.023412707032945,-0.414738416747968,0.07892137954862335,-1.0345280904773457,0.005655545065613245,-0.002202913627663349,1.1449765123882334,-0.41293476684891833,-0.0053621503738015405,0.30328287385389135,0.5553255085166138,-0.13926688067881662,-1.8,0.08390152373163161,0.2593568476317991,-0.498635645745002,0.23826521952071028,-1.8,-0.125466248909824
22,-0.005374943273531945,-0.006533907547288428,0.34668682995255723,-0.11153322369682196,-0.03092639157219588,0.991531675448431,0.0588968156910472,-0.958702747302807,0.07551047613114574,-0.07118250645180148,1.0371045831202061,-0.4155856593577483,0.07858520219775561,-1.0612065083807543,0.008455983744961836,0.0006594916019359142,1.1603288402674392,-0.41014694297543924,-0.0054748790417971285,0.29319238689224125,0.5530073477066872,-0.13276944478618793,-1.8,0.0876250741182941,0.25091304198208964,-0.5003132595429013,0.2292580325262441,-1.8,-0.1214070560165248
23,-0.004840947452204765,-0.0071163070987109705,0.34549191688764824,-0.120564338670403,-0.030348934762282547,0.9904873936578658,0.0589737687841886,-0.990665137502462,0.07581080861999692,-0.0652944266668107,1.0547604647266986,-0.4179939264368739,0.07969917248671501,-1.093027994615242,0.0076212461714637286,0.0013318345247091377,1.1765311431990875,-0.41084500058391304,-0.00754019603419342,0.28053955176145806,0.5469408644595718,-0.12847896346398488,-1.8,0.09718449665203843,0.24132745963362975,-0.5021161289879438,0.2174848396867794,-1.8,-0.1190921660052865
24,-0.0060724730884237545,-0.007576549317123344,0.3434907055025495,-0.1330332518598173,-0.028858696866856607,0.9889605054783117,0.05853587036024619,-1.0307201712926983,0.07283217078769856,-0.05923875868436867,1.0825990565144925,-0.4207209227611557,0.08123164296945684,-1.1301529171562947,0.006681390873155726,0.005963076731062261,1.199418413705155,-0.41677271607388455,-0.01180558769794417,0.26639973307028025,0.542038601124484,-0.12867514299336308,-1.8,0.10496337603412972,0.23479874209515242,-0.5010674316472563,0.20662757155638486,-1.8,-0.1189933005037131
25,-0.007590199937523693,-0.008179142031165407,0.3405682733312987,-0.14661525719395463,-0.027628191867394552,0.9870851830269893,0.058339444809355274,-1.0752831240109346,0.07136174710718649,-0.051856258157995334,1.1152877075949306,-0.4289848499156574,0.085567083232124,-1.172552048738152,0.00407288615587279,0.0070061977474926386,1.2268577163813084,-0.42705059233344783,-0.014517248678537382,0.24813075703843168,0.537794292742478,-0.13100283048552103,-1.8,0.1135861814050516,0.2198119946958706,-0.5014432420293483,0.20632136076453572,-1.8,-0.11249147374966433
26,-0.009188354298696105,-0.008435519461554162,0.33709256598766985,-0.16171360994299733,-0.025584139662407714,0.9848436193304247,0.057246883068759025,-1.12699385615298,0.06558649435836024,-0.04919293465409071,1.1540092597273184,-0.43894504197272577,0.09292822129553098,-1.2217360374748458,0.0003517606877532103,0.008511598208201623,1.2598136805642308,-0.44022002001773913,-0.019329356695893567,0.22783660309251805,0.5311333592638128,-0.13227782579482253,-1.8,0.11156564853925595,0.2015013591765689,-0.49939825629643003,0.20539887423761471,-1.8,-0.10179732254023299
27,-0.0112119336630601,-0.008257615060611649,0.3333061411207353,-0.1778131496229909,-0.023671870469562806,0.9821117929181792,0.05725864633977818,-1.1785563136191473,0.06300931547620277,-0.0460575910130228,1.1910843406632994,-0.453121274515212,0.10339245479373108,-1.2713296659580502,-0.0019242611654961576,0.007041223712315865,1.2913125526427647,-0.459763588575532,-0.023638307172172003,0.21120426204217277,0.5229230004131107,-0.1376379686934922,-1.8,0.11209210994915432,0.18512194223513423,-0.4969178218565788,0.20737311974728415,-1.8,-0.08493516928830543
28,-0.013040820902220168,-0.007708482891391125,0.32928954551335865,-0.19633173971622353,-0.021272466003388647,0.97877876447823,0.05471252486045242,-1.235429098221121,0.05926956037644514,-0.04451439002325689,1.2260838118816997,-0.4704742643672383,0.11376206726886716,-1.327627541299873,-0.005149101951731382,0.006076725304327175,1.3252777064291106,-0.4807237706255615,-0.03173196541800169,0.19068047647467268,0.5105410919473811,-0.1374198978253354,-1.8,0.10635285281633386,0.1676141448565148,-0.4938999208035171,0.2038258713807327,-1.8,-0.06457072398231894
29,-0.01639426088008198,-0.006973378939276459,0.3252214042958942,-0.21718766811900678,-0.01864037092499756,0.9744547612206224,0.05403676270157979,-1.2951650472530554,0.0556207422673559,-0.04262803936792471,1.264098852347323,-0.48350957680741563,0.12216844475712259,-1.3855071058261854,-0.007219930716854242,0.006790546624562683,1.3586464541318273,-0.5027427573987042,-0.03948027582316792,0.17553071198960696,0.4990477967508718,-0.13629066063833847,-1.8,0.09643640225250379,0.1518101677845178,-0.4891193663221473,0.19956834950708258,-1.8,-0.047789477863125596
30,-0.018182107304564255,-0.006892775146944835,0.3211758382724348,-0.2384029719425584,-0.017185513996464844,0.9695410995471772,0.053467161571232345,-1.3571578927703014,0.05810341515752508,-0.0371729095713193,1.2978657848628754,-0.4974356450145368,0.12785822720193551,-1.4471188880400985,-0.012052165096402051,0.003174145113289551,1.3898991083112344,-0.5211555552474867,-0.04370997875338316,0.1645473726973582,0.4845399884859512,-0.1278917152551105,-1.8,0.09248115934641889,0.14253866615991276,-0.4881693454761302,0.19111457068828241,-1.8,-0.027648123148134293
31,-0.02039814330312729,-0.006719326266826005,0.3174008579279877,-0.2589723730491532,-0.0153868616054472,0.9643751916149036,0.0517401612380866,-1.415005478601437,0.05798128455467805,-0.03254140111231682,1.3299930246691858,-0.511169667161978,0.1309636137462652,-1.49969985596286,-0.016048977374457308,0.0037917683562071923,1.4160052222180795,-0.5382773057840954,-0.050367908231903014,0.15387596180060886,0.466442453747546,-0.11927024259039574,-1.8,0.08953558657251309,0.13426214178112467,-0.48087520700374414,0.1765577733255398,-1.8,-0.017260778095218383
32,-0.02457263294615317,-0.006432512528144479,0.3139986543945726,-0.2756096528012524,-0.014624795205534256,0.9598108087453616,0.050878738816370984,-1.45727663083237,0.05995291097846298,-0.029165445987649016,1.3571537754950134,-0.5276816929100895,0.13535249807057162,-1.4999999981240997,-0.018502917379396862,0.0037130314575839155,1.4024753135666816,-0.5623563518684068,-0.05643434786298222,0.15505628690025644,0.452033444568309,-0.11023377225511567,-1.8,0.08235964915072792,0.14400128253315608,-0.47458260700189314,0.16098529676749296,-1.8,-0.007809371182226804
33,-0.029287228780698907,-0.006110293660911182,0.31080675704360916,-0.29087271023254996,-0.013483965336140902,0.9553498988490317,0.05017788247754345,-1.4910433362996933,0.05545586675277698,-0.03145459156187092,1.3796591609087079,-0.5499850957238424,0.14203918522341347,-1.4999999999999882,-0.021561419000556054,0.004749607198526737,1.3883213859684396,-0.5891391626238235,-0.06394897940132467,0.15293540630387806,0.4399482721129955,-0.10357758808417451,-1.8,0.0791972135149201,0.14959960405130637,-0.4720988806093308,0.1541997677560596,-1.8,-0.005569882882882967
34,-0.03452826641575553,-0.006216775952117469,0.30794639023831605,-0.30429290762425343,-0.0139267635737421,0.9511225009882922,0.05077262785906108,-1.4999999440208518,0.05720884704035652,-0.03197518009760905,1.384106159087796,-0.5787806259600575,0.15017553690193616,-1.5,-0.02194397338786251,0.0046971915217814235,1.3797444456570918,-0.6203951744826295,-0.07210978350996378,0.1524281634479922,0.42703850598376203,-0.09589664283822333,-1.8,0.08058775784725929,0.15847556816891367,-0.4662707928207378,0.1474771030733337,-1.8,-0.0020962361294421875
35,-0.04070764152552234,-0.006102759857663054,0.30555380943971244,-0.3165407223590003,-0.014499070929343261,0.947107527492804,0.05078463741226926,-1.49999999999965,0.05839919673545439,-0.03377238311927544,1.3816241158991038,-0.6018199416900472,0.15725510985941898,-1.5,-0.021236229048372163,0.003289142328517461,1.375214769829916,-0.6468057327922965,-0.0815043595166641,0.1457874940438758,0.4182706404343603,-0.09381408751684965,-1.8,0.0815893226069082,0.16341711243400495,-0.4619227683956449,0.14316237801910903,-1.8,-0.006988365129316466
36,-0.04794075468039381,-0.005931196672216227,0.3035619810684896,-0.3288788845829956,-0.015060548583629681,0.9428743017515903,0.050989315040077955,-1.5,0.05737170332787394,-0.036821056655054106,1.3823720727209,-0.6234402870242699,0.16662579211037457,-1.5,-0.01853123578837877,0.004966443057478543,1.3746306797984225,-0.6730933955823806,-0.09175250377416348,0.1336456139563438,0.4086666255745579,-0.09864322877164812,-1.8,0.08622060413501174,0.15754420886709591,-0.4580262393630203,0.14434547667632858,-1.8,-0.021121754739458876
37,-0.05480064901466954,-0.005789011133530946,0.30322563764312,-0.3376199536056335,-0.01625729239206264,0.9396800366718226,0.05243945129242915,-1.5,0.055096514505948935,-0.04180935990198506,1.3876330670311274,-0.6369181742087222,0.17501434457574508,-1.5,-0.014284406533672711,0.004304286074514351,1.378241290534508,-0.6914397632480445,-0.09888634732077303,0.11550824150429853,0.41032001078335417,-0.10473243522622601,-1.8,0.09335947491687646,0.14346567517026404,-0.45249784469023896,0.14172717365005136,-1.8,-0.048320703989917564
38,-0.06233826956758334,-0.005526253948129585,0.30488160639979817,-0.34213790361089025,-0.018554374484327077,0.9379875229890878,0.05269532063699921,-1.492935682798818,0.05174354119099849,-0.04993931847497361,1.3935704089666419,-0.6440859905904025,0.184956503757667,-1.5,-0.007483920328504603,0.0020615135127028785,1.3927233147530256,-0.6961568471609841,-0.10335038722223479,0.09277348416215563,0.4188863254126766,-0.117132312521656,-1.8,0.10611669287549602,0.11889454121308062,-0.4502258430392333,0.14148913316779582,-1.8,-0.08121854286396306
39,-0.07087299562342574,-0.005302430121990466,0.30955694852423976,-0.334777326162143,-0.021127741704706913,0.940497037679876,0.054250184640826135,-1.4216367126380498,0.050391361079814796,-0.055470141938443775,1.3618491283189473,-0.6499697736644044,0.1979435930442348,-1.476820662698229,-0.004424624153377594,-0.0013420853698357885,1.4032192747338006,-0.6999344078531652,-0.10531654328949495,0.07907742776433897,0.4402286081549744,-0.13093880992122986,-1.8,0.12010049364432497,0.10071672210338675,-0.4506138504529567,0.14368941807587504,-1.8,-0.11899253697753644
40,-0.08012369888339131,-0.004886602550470053,0.31722589818249025,-0.3105733097362704,-0.024324459529440515,0.9486738415256927,0.05450213163670554,-1.2985339388541783,0.050941594224266765,-0.05868652504474797,1.2992596021736011,-0.6518076897112831,0.20499683691436724,-1.3579218110717044,0.0022326924635652804,0.0005635615177591435,1.3530698316044365,-0.7000033723891455,-0.10493809474638909,0.08004325492305375,0.46796183345365994,-0.15085950766502643,-1.8,0.14605204140014041,0.09826537524042435,-0.45112303549448357,0.14958162478936277,-1.8,-0.18192718397652022
41,-0.0882908669459025,-0.004724831733977178,0.3289842674920571,-0.2705129290886071,-0.026710592435136883,0.9609538019682551,0.05174060233919272,-1.114480874528303,0.04736528164186803,-0.05412809904769211,1.1818402335130709,-0.6407309493171018,0.20252241143046656,-1.1711557133540162,-0.0014463238614578766,-0.00022011816233781425,1.242754103722799,-0.6889203915397637,-0.10282276313983839,0.09924299949047136,0.5100869985128915,-0.16123370070028253,-1.8,0.18633138028956947,0.11832623302482366,-0.4554974156792798,0.1443386630088306,-1.8,-0.2731356130049381
42,-0.09297013699516446,-0.0031525068668019243,0.3458741549847616,-0.21639878219561579,-0.02511042663688498,0.9748353276931128,0.047298175650126235,-0.9039431353138005,0.03647752354930506,-0.04778760586618327,1.048351056319344,-0.5837650370180716,0.17562570853731105,-0.949837727881873,-0.015432153631006952,-0.016568889832573683,1.0964586493096549,-0.6445351543675608,-0.09069397993427637,0.13619334133740496,0.5549961493738753,-0.1656781385786489,-1.8,0.22711040565150303,0.15227154108176394,-0.4661029200767013,0.12194722702972176,-1.8,-0.3318246498059583
43,-0.10545009771798075,-0.004340401519986261,0.3690971239109878,-0.14848540689385864,-0.024989663837060007,0.987655751673989,0.04317078672163427,-0.6420430575493826,0.03465692473012217,-0.04821053804967726,0.864120876829858,-0.32862388045236174,0.10317195213479277,-0.6721742470171168,-0.04094879226233654,-0.04189853949635132,0.8823597079726138,-0.2873686823056629,-0.02833949940149397,0.18838132946916436,0.6054376023772754,-0.16128091691039675,-1.8,0.23465526135955958,0.2120774165111083,-0.5017507614569843,0.11993569640282074,-1.8,-0.3447708932503961
44,-0.11840477182411613,-0.005617071058117599,0.3957244783643051,-0.0880418428586554,-0.023242553355908815,0.9949239476123305,0.04283405289075023,-0.43603889624603553,0.037303063381160996,-0.04511278494000315,0.7208663120158771,-0.07992877053123187,0.03026226818098062,-0.4566427858550064,-0.06614308526026012,-0.07773592512417697,0.7149491057475384,0.011057264695709002,0.09633352425695618,0.2660787643425587,0.6372582973132781,-0.1381570689357421,-1.8,0.2104155292896654,0.2705155594157764,-0.5292325438478659,0.13830670930077466,-1.8,-0.3184579930182752
45,-0.13251513261238781,-0.007583762593605793,0.4189577018457593,-0.05981186227723614,-0.021102293278909674,0.996824609410076,0.04814491067340713,-0.3650624911548183,0.045321025354921524,-0.011402790890982372,0.6945870912912149,0.17796921476939967,-0.046666316350259786,-0.3986753962415239,-0.08750614443882272,-0.11038191510397462,0.7075869770692333,0.23619206531147907,0.15657721091080534,0.32024334207737454,0.6564106749059317,-0.15206684742393287,-1.8,0.17101295087511775,0.31713634957378756,-0.5504452482369653,0.16739285901054393,-1.8,-0.262701523870087
46,-0.1467096785883147,-0.009802700052127996,0.43519123766154394,-0.06138484563137388,-0.01965551414130041,0.9965380154844019,0.05251233364710396,-0.4170451310435482,0.0448949147436853,0.008949896308201121,0.7628360378636891,0.3310751898751533,-0.0918743612179825,-0.4638606922794246,-0.10123469332105946,-0.11104535679332825,0.7897268720967863,0.382042202198251,0.17504553754183422,0.36632190786997154,0.6473145243533663,-0.13499509997406023,-1.8,0.1594873202893144,0.3538034371848781,-0.5517697885321292,0.15910060050534883,-1.8,-0.19947478874866031
47,-0.1580252144599659,-0.012259777188072456,0.4432484888884551,-0.0787415171800767,-0.019536571647445447,0.9953389372973982,0.05213919581400761,-0.5372817089175735,0.05093404797242519,0.02630193631535859,0.833415860328511,0.34631166841677063,-0.09770541347074126,-0.585519315589737,-0.10465136178569519,-0.09811087976592021,0.8376357168812749,0.3685611998644077,0.1697824795550917,0.37693019717057363,0.6334836575559261,-0.11650798135704404,-1.8,0.14442705220680027,0.37109527277523713,-0.5506232165060847,0.13751998163466495,-1.8,-0.13517884500685415
48,-0.1662946214908018,-0.01452399186089806,0.4453963514457697,-0.10468881862332975,-0.019608474791480982,0.9931815206729594,0.047394366388343045,-0.6784320738538774,0.05097308252771389,0.017465906492723865,0.852166499361396,0.2952438003191597,-0.07137017748798231,-0.7202731317312485,-0.10276842871858358,-0.09495142648350847,0.8510093658225323,0.3346553468854216,0.13258276649627176,0.3744801044260281,0.609848048365608,-0.09537451119130605,-1.8,0.1374165520382487,0.38048426675900565,-0.5437532282955627,0.11273494161504172,-1.8,-0.09105342210341684
49,-0.16989310948485975,-0.016431321734655117,0.4441164954343087,-0.13625993660772165,-0.01728095285086017,0.9896976624871552,0.040412067649255284,-0.8246785973818505,0.04986104247896133,0.025604140736513244,0.8090975165803552,0.25060372541426085,-0.07419390180256669,-0.8506585745744017,-0.11161303962183647,-0.11164698051656664,0.8011367309339563,0.26402187014778183,0.11708929608608531,0.3581382613576845,0.5871198287271248,-0.07344461765620003,-1.8,0.1542608011677184,0.38055057275210163,-0.5373886902581212,0.08530460466691164,-1.8,-0.08100508209486265
50,-0.172595955924025,-0.01759736289147177,0.4401352135827834,-0.16706662098895123,-0.0166071704293821,0.9851789875945942,0.035146954971303226,-0.9354678165694366,0.051377640442712896,0.024106461275942914,0.6952525921884555,0.24578957107167423,-0.09922847041521361,-0.9551473583632608,-0.10928624846293968,-0.11863597761170402,0.6969129340132157,0.2437792626800713,0.13346113109265653,0.34767043960413896,0.5719265143688941,-0.072801330376759,-1.8,0.16982397852756384,0.38008517643323986,-0.531335785071949,0.0736339446913998,-1.8,-0.09066933800021995
51,-0.17532677119780013,-0.018307161500183633,0.43362355962706434,-0.1914265222681476,-0.018699323496322695,0.9807414549416651,0.033947318480383515,-1.0323314927243479,0.057970834390721766,0.016825934146833643,0.5807236591043572,0.26756819746718563,-0.1322000325522912,-1.0437786282893666,-0.10129823917397418,-0.13095059465660944,0.5831204696825352,0.24929399434537014,0.1572290408501532,0.35137782310652527,0.5740397056949821,-0.0628840556105612,-1.8,0.17050554809461446,0.38323076715527504,-0.5283128805051642,0.056688306401145104,-1.8,-0.10700893889531186
52,-0.186820656309182,-0.017814030266875187,0.4226549517845321,-0.20721642189655143,-0.01586821969911867,0.9775032470607505,0.03601327651937059,-1.1135210651242573,0.06685089940545101,0.002401280412343506,0.5287536841475768,0.2653220057333282,-0.14096943156973432,-1.123216424937341,-0.10287189001995141,-0.14769151412562656,0.529704018361029,0.23916530706627018,0.18587355146491796,0.3759320146733314,0.5582778629806768,-0.04291871866268984,-1.8,0.18109117971632196,0.37787232671513754,-0.5167677222540895,0.045065483188853506,-1.8,-0.13390916383733106
53,-0.20013322150629395,-0.016829539402133976,0.40736292632623633,-0.21050400011311984,-0.012555332611386172,0.9767208906558396,0.0393285051312248,-1.18931507592503,0.06993817068905042,-0.029609944703557437,0.5367093026824344,0.2748944811576195,-0.13671384246827084,-1.2010236511219052,-0.09757796603900219,-0.12405187912661615,0.537377367456647,0.24323313208394498,0.18075181021013018,0.3958643784884611,0.540993355446582,-0.04111530408876625,-1.8,0.20014911270874372,0.3706428402421742,-0.5056023380104184,0.036970720320819064,-1.8,-0.16167322407883153
54,-0.21396895654732584,-0.015367985830630483,0.3885786525873015,-0.21069328073972715,-0.0062602669092255625,0.9765702064311178,0.04335645765558157,-1.2691214835408995,0.06960515210630838,-0.04973572267884469,0.6218020554369084,0.26057706374574835,-0.11422846779436815,-1.2881230693706949,-0.08957735483490814,-0.09253482757113098,0.6314879654458238,0.21044459097776766,0.15188562841554845,0.4178580749763621,0.5120546648271714,-0.031088815323028773,-1.799999471635582,0.21336399914669682,0.34683815159802156,-0.4910576508925108,0.03502051497619724,-1.8,-0.20027623135339054
55,-0.2214815893600326,-0.014700113443274565,0.36881836138931406,-0.20945268618462143,-0.004297091168513991,0.9767015346347387,0.04653191914893245,-1.34913221682873,0.06674222270097088,-0.06542427270298881,0.7845697480623789,0.19967265265798195,-0.06060487041595764,-1.3912952026791132,-0.07361436962079695,-0.058509137664807497,0.8286509232686772,0.13639261035246278,0.09895807154226399,0.39381924263792906,0.4863422064375128,-0.02991454346150298,-1.7587089011264587,0.21061287189933567,0.31417318796014226,-0.4899700714307783,0.05329082888756631,-1.8,-0.2095720497589652
56,-0.2362009167282244,-0.013723182132118024,0.3487652549988778,-0.21173137857414662,0.000625410844756072,0.9763043589717972,0.0447127592643906,-1.457551806100471,0.05862830382531576,-0.04556669085593745,1.0333154615766083,0.10029661471172109,0.007176746152487291,-1.4999328103150087,-0.07042745008718947,-0.03328127188094522,1.092150021494743,0.0346510235388644,0.025996579301948555,0.35275483944775465,0.47629347121464916,-0.026580127088864456,-1.74022088769613,0.24304984934731705,0.27514549410760536,-0.4840651159629638,0.05501497799298831,-1.8,-0.21855005269938022
57,-0.25145846954649825,-0.012555646402570383,0.3345236459895753,-0.2045788905570423,0.002320196027875688,0.9777835271750059,0.045623110525768715,-1.4999999999999958,0.0587679982663019,-0.024932662033432803,1.2200550131069696,-0.33733675682032954,0.08501392508899915,-1.5,-0.08047005631433152,-0.02827969188903045,1.240967969904259,-0.3692861525520648,-0.08048408698276434,0.33340459798050287,0.5051486432245599,-0.03620229230345157,-1.776730486577058,0.19042143342385542,0.2416584887115609,-0.504013291531307,0.08637949470908966,-1.8,-0.15236693318836356
58,-0.2612365274286952,-0.01048758448620125,0.32542390611368904,-0.19754350262706727,0.005992319018934071,0.9789054175951019,0.051815442539503945,-1.5,0.0651466776360163,-0.014814026825046315,1.3259232654501367,-0.36950096522442677,0.11255059856770251,-1.5,-0.08681421522558583,-0.022433721172464588,1.3403150588069248,-0.40265716518012346,-0.08932268801105153,0.2983200840363789,0.5326448166429828,-0.043568667948838194,-1.799999992728277,0.10962851393818908,0.21329446537356397,-0.5154514586641693,0.1028670384199546,-1.8,-0.1223978726091519
59,-0.268982798872568,-0.00747037903160965,0.3199955252821635,-0.19292113620013948,0.008981715432323487,0.9796875134607778,0.05397351169025565,-1.5,0.07076592030091056,-0.01174976084929129,1.4005251061404105,-0.4281912288196049,0.13135983470888477,-1.5,-0.08553568081118886,-0.013741493029596735,1.4147265279719987,-0.4613198248975521,-0.09931860625885314,0.26117184430389345,0.553324390896017,-0.06499111886856905,-1.7999999999999978,0.06529920211988843,0.1933049474749223,-0.5214283472293861,0.11294430696045692,-1.8,-0.09960231086574495
60,-0.2742546608725342,-0.004942005074223539,0.31701838195619136,-0.19193129212760815,0.011303545652073928,0.9799076218701508,0.05306280767828877,-1.5,0.07410264581200784,-0.01125442153704246,1.4455583551872977,-0.4935468878863696,0.14581478017763858,-1.5,-0.08236741389290735,-0.00590648074569184,1.4638622161580392,-0.523208143750451,-0.10925762354724082,0.23315953825545513,0.5679598711703078,-0.08450051148337653,-1.8,0.03313212405460621,0.1664586578448673,-0.5312060907606083,0.12602486211367295,-1.8,-0.0691145693035603
61,-0.2770390424963023,-0.0042190837566171875,0.3162473861679521,-0.1916627019612464,0.012610449943171467,0.980059126846766,0.0508968870708142,-1.5,0.07111132464151083,-0.009348190545886176,1.4712531696064883,-0.5459300658887103,0.1546757140771424,-1.5,-0.08610251471366621,-0.0006701490131468238,1.4913078943769187,-0.5756683032670086,-0.11874871214862315,0.21782042618313574,0.5638034174277047,-0.09426835070709122,-1.8,0.01561917749978546,0.15498518304019968,-0.5316926283727259,0.12236678112058488,-1.8,-0.05478782070114018
62,-0.28048405823172223,-0.0032156085232302664,0.3172648727019004,-0.193183055410107,0.013237217382675897,0.9798505811001978,0.04896858070215201,-1.5,0.06901648625840973,-0.008788038997375219,1.4882028766581348,-0.5872121498098505,0.16500737233986879,-1.5,-0.09065935213785846,-0.003836335330914974,1.511754527259055,-0.6170804159440015,-0.1257445058784274,0.2079027632023244,0.5605772720557806,-0.09960146469165981,-1.8,0.0011684658749677671,0.14557407718507262,-0.5324769826184093,0.12141733800030455,-1.8,-0.03729734904331977
63,-0.28387824963463454,-0.0035998625860567284,0.3198807089477092,-0.19733214148061384,0.011052644526417844,0.9792712634980476,0.04433573586379394,-1.5,0.06249203278943694,-0.013369050103774403,1.489045878564791,-0.622272040001905,0.1748827710820772,-1.5,-0.09529177262163158,-0.008305695561069503,1.5183427161527252,-0.6441371920854363,-0.13147189996724656,0.20455084547185068,0.5598694666452569,-0.09580501969387853,-1.8,-0.010191085809689714,0.14195163934082358,-0.5357907282091118,0.11842427847804933,-1.8,-0.02792031938364881
64,-0.2861816551027052,-0.004482257004806228,0.3233727587417558,-0.19995384426114796,0.008035070978004617,0.9788981073597309,0.0413810730540306,-1.5,0.055401367862571056,-0.018733435851549823,1.4859257983304688,-0.6463307903323895,0.18174493084599927,-1.5,-0.09738821132406277,-0.012665597889225336,1.5200373710014428,-0.6563772852260014,-0.13216019607072652,0.20056743671830815,0.5626886764516627,-0.08836888913280525,-1.8,-0.017960702865351355,0.14250372513664192,-0.5368946086461039,0.11400210114179288,-1.8,-0.027902433005206166
65,-0.2889103999045703,-0.0042607682892683305,0.3273337170956618,-0.20068062787610647,0.00642383485790172,0.978925129061845,0.0373043111747103,-1.4719725764622194,0.04944626106963735,-0.023465132315921334,1.4535959011331157,-0.6551574590714898,0.18533086549036623,-1.5,-0.09453726931016378,-0.013314998510667399,1.5199772461648333,-0.660115336344856,-0.1371275948449475,0.20967711120054816,0.5639594553074648,-0.08757342012641882,-1.8,-0.01681541261980366,0.14803723439074826,-0.5367448497366344,0.11396329692380491,-1.8,-0.03591952211780207
66,-0.29166986917780796,-0.004356649924823956,0.3314602596811199,-0.20261542696804902,0.00465881203868357,0.9786292817821747,0.034785242035207956,-1.437812883841913,0.044151132383695106,-0.030758438903626884,1.4077325338473015,-0.6575858401289322,0.1884198253414845,-1.4999985592696439,-0.09269732456814495,-0.015565492715217072,1.5121785692315677,-0.6624496795882582,-0.1427491133540159,0.21851852174126427,0.567839102748956,-0.08988436244774807,-1.8,-0.013811116623443,0.1559177722031716,-0.5400585355743185,0.11888963404759317,-1.8,-0.0425954804968129
67,-0.29499915769704305,-0.004442943339263441,0.33544727823678305,-0.20105498944990854,0.0033168762382821417,0.9790229615734182,0.032862292393112016,-1.394759460362952,0.03923211348509066,-0.03785467697957699,1.359071101336339,-0.6578905347572386,0.18888882182541514,-1.4633248307612503,-0.09447159488260051,-0.020576059465449235,1.474631826463182,-0.6680095197037048,-0.14679260659403395,0.2357156955439238,0.5688960818453359,-0.09046720055728473,-1.8,-0.008218393287861355,0.17447186094230915,-0.5386731397676641,0.11741043963016412,-1.8,-0.056739195544833164
68,-0.2983688559168279,-0.0037442255281694183,0.3387873627779115,-0.20020622766292462,0.002681346069277088,0.9792781824204425,0.0304058912639057,-1.3591309223042118,0.035026595942516336,-0.04746161929517997,1.3163953889254147,-0.6524863018550361,0.1869524656630104,-1.4289547865722996,-0.09379708852450702,-0.026164678803184772,1.4387177314966892,-0.6668846264153425,-0.1486061590599324,0.2545168685389702,0.570524105942159,-0.09667432869795116,-1.8,-0.0019115257591306835,0.18900586447028078,-0.5385312248461701,0.11905801436200349,-1.8,-0.06453233776352535
69,-0.30062072240226617,-0.004090381549662714,0.3413536673149584,-0.19947906615584463,0.0004602822705063749,0.9794560418712008,0.029559302221535414,-1.3320367578762697,0.033291557378547276,-0.05631635715816546,1.2843519768826988,-0.6443774751798359,0.1828664543598436,-1.402210454557033,-0.09195289846138349,-0.030655153168387225,1.4097151827527776,-0.6601614794149515,-0.14601559599400857,0.26604745928483814,0.5675664367219516,-0.0968564503630962,-1.8,0.0012154894961880463,0.1993129406876165,-0.5367613945866557,0.11648906757388382,-1.8,-0.06951206093791099
70,-0.30266692500359277,-0.003013659628843874,0.34316330870645184,-0.1989222168567841,-0.0001244450945924717,0.9795922736586428,0.028790858661940123,-1.3129568698283378,0.03506620684827871,-0.06399704008969798,1.2636273865585281,-0.6315532986598834,0.17885797373641316,-1.3845526169926239,-0.08999598880043387,-0.03811026559058481,1.3930616958527982,-0.6494508148748918,-0.1421804716705167,0.28224329977161444,0.5666046597761681,-0.09293774119307971,-1.8,0.004148476452910392,0.20672525459762706,-0.5308244555430404,0.1183694654175063,-1.8,-0.07147827620998373
71,-0.30454393013037695,-0.0019093312738737503,0.34441937078479273,-0.19915535928355996,-0.0006297927493360965,0.9795219841854195,0.029553827623300295,-1.2990238408037265,0.03695706336322173,-0.07302537806977531,1.249183973882293,-0.6202995448574565,0.17563584555062592,-1.3745323751152922,-0.08319362990748956,-0.04100959296412818,1.3849217399793325,-0.63757529874125,-0.1382807752109286,0.29501990516944104,0.5658051147369013,-0.0891303526505249,-1.8,0.006963937889736213,0.20923075938017544,-0.5265945323514485,0.1208339618146981,-1.8,-0.06931460844768997
72,-0.30639915021619424,3.314438040284653e-05,0.34521775887590217,-0.19972208269510794,0.0013132185745213503,0.9793709117265821,0.030691731862951013,-1.2910736159648495,0.03874756138283805,-0.07656589202913164,1.2430818221860451,-0.6050813594344445,0.17129825560129136,-1.3692205501787817,-0.08053933844705355,-0.04279325567020176,1.3812812335010753,-0.628086091766379,-0.13696772566146,0.3089357191831197,0.5722701978011208,-0.08961987846112437,-1.8,0.00604901241784411,0.21039118212497285,-0.5184810880183554,0.12887053561077277,-1.8,-0.07285922559604209
73,-0.30678447729254293,0.0008546941091966717,0.3459180859701317,-0.20013393640082106,0.0012033542535794164,0.9792569370257236,0.03163559271216983,-1.2886340630104405,0.04255715984892074,-0.07812641860580162,1.2383059057073516,-0.5915135062779293,0.16369590653298496,-1.3684634114188579,-0.07395095717524651,-0.04179401392026337,1.3800155200875075,-0.616997332690263,-0.13248476401835999,0.30613836876776995,0.5731181117997913,-0.09377044329227044,-1.8,0.009832161024159281,0.20656520247242882,-0.5159214510916249,0.1307153846192847,-1.8,-0.08179107454802191
74,-0.3070936103171497,0.0008958447617789451,0.34660038730198894,-0.20013074766296404,0.0007322894697980424,0.9791823320310071,0.033898498938944664,-1.2846861619720733,0.04514528262468731,-0.07983523113564202,1.2355080730984993,-0.5825951487958241,0.15761240635140522,-1.3672215194059443,-0.06982431393276517,-0.04066910008974435,1.3794952316022018,-0.6060559781642063,-0.1262888606545442,0.30096477939190897,0.5709707868468009,-0.09745642481353566,-1.8,0.011141586437464818,0.2037446601403915,-0.5183668602517278,0.13125041036504365,-1.8,-0.09289091709850256
75,-0.30708409753724525,0.0007718310659236734,0.3472635037934396,-0.19987026384063494,0.0002736140383246767,0.9791730546366191,0.03566415344887822,-1.2845480076107083,0.048269732522641745,-0.07840205497534981,1.2364942590963717,-0.572903520487352,0.14926314082246078,-1.3681640631728964,-0.0661110311966916,-0.03838231031418217,1.3811821351467182,-0.5934715594508553,-0.11812956057783396,0.2922518849219749,0.5734100437974224,-0.10242660252563396,-1.8,0.017957207987168013,0.1997523062237398,-0.5231994532307702,0.13324354635493701,-1.8,-0.1082736992980783
76,-0.30669598644295754,0.0006064559599376691,0.34789868045413613,-0.1991433093001972,-0.0002136431565506867,0.9792726562007116,0.03697244291590611,-1.2859218962951617,0.049947175677140396,-0.07790034798427245,1.2388608390336373,-0.5623735874300444,0.14144831884003994,-1.3697394750771659,-0.06336071927445902,-0.03719907871583282,1.3831698788969164,-0.5811227743693513,-0.11041777043934714,0.28232460935767617,0.5781127060154566,-0.10616453826409965,-1.8,0.02600687581443263,0.19565997055226786,-0.5279298733090292,0.13403180056661637,-1.8,-0.11949448141324517
77,-0.3060392935792417,0.00031523685505801803,0.3484440091353916,-0.19805764842264245,-0.0008153056023301918,0.9794477479412617,0.038139379004615406,-1.2896340595013174,0.05157130555556087,-0.07724475271855487,1.244359533923454,-0.5496700992931078,0.13459761066511472,-1.3723817751627723,-0.06286208572184217,-0.0384038298260452,1.3859939332482498,-0.5684515140751368,-0.10369595911097618,0.27204805058696785,0.5846650631993348,-0.10947469916569857,-1.8,0.03301554232091293,0.19168763934463431,-0.5338189236557525,0.1357201123965117,-1.8,-0.1259270971254557
78,-0.30536723375220565,0.00010204090208203135,0.34883878773559185,-0.19726277377168164,-0.001178618625520319,0.9795689110809214,0.03912489470624628,-1.2962168225945134,0.05234565634522438,-0.07699172455720635,1.2532274501433693,-0.5355109956997128,0.12853526158838,-1.3761738279419002,-0.06294246894517182,-0.03975686190299897,1.3894005115321324,-0.5564695055111044,-0.09909893438208642,0.26319280485369523,0.5911429477241895,-0.10998928597920114,-1.8,0.03600686554079465,0.18818317004114105,-0.5385946393039678,0.13794313269120204,-1.8,-0.12942053488391453
79,-0.30488885494318524,-0.00028679416047191147,0.3490514098717497,-0.19718864612169662,-0.001610500525126686,0.9795559267194615,0.03980239386678397,-1.3031470976853983,0.0529257568072074,-0.07568439261993158,1.2615498097663125,-0.5244452675304982,0.12372659869089417,-1.3805668938478226,-0.06256720546209317,-0.03942929888096502,1.3932300475231467,-0.5461920111848876,-0.09648018742118517,0.2543696008596026,0.5960526096361298,-0.1103367493643634,-1.8,0.041371328419163494,0.18702463332008878,-0.5427756308052274,0.13755683031263755,-1.8,-0.13206118541127948
80,-0.3041300621634045,-0.0008199044552588224,0.3491569732960853,-0.19714092302693256,-0.002213409026813786,0.9795367689809019,0.04047561615371277,-1.310253137723438,0.05387091481742863,-0.07400940513910763,1.2690552303629146,-0.5165173478565053,0.11935653913900773,-1.3852392314647979,-0.062495776172980244,-0.03955137807316543,1.396802254566637,-0.5379173371900993,-0.09363574445573992,0.24222462580235707,0.6001825171795877,-0.1116669391172077,-1.8,0.04562892150983529,0.18454946564282526,-0.546783134717287,0.13636254105170983,-1.8,-0.13650374361039597
81,-0.3039258052594127,-0.0013006440608568286,0.3492283147120758,-0.197144863987347,-0.002686879583333801,0.9794987679010166,0.041338202209387415,-1.3150363698728897,0.0537257502436993,-0.07329105061301412,1.2758412987784589,-0.5117706949396578,0.11686604379321337,-1.388404581179506,-0.061773929126535565,-0.0388956265618137,1.4000435659325128,-0.5324176153682286,-0.09088650738725501,0.23412206736986785,0.6040826532939407,-0.11045447255606822,-1.8,0.04596094980332668,0.1847235114377926,-0.5515804341574468,0.13663503852375,-1.8,-0.13850661954814542
82,-0.3039620627449685,-0.0016160962211569023,0.3492769019500003,-0.19696182643556245,-0.003228251462096126,0.9795018034356812,0.042093163173034714,-1.317751073576702,0.054550985849862996,-0.0725049504372065,1.2805307239377128,-0.5107562802667462,0.11608674716787058,-1.389421584256595,-0.060572668852877994,-0.03908951005697156,1.4016742591290647,-0.53107288970413,-0.08875751442947864,0.22808010268726808,0.6098625361995931,-0.1093961035827619,-1.8,0.045070740677665616,0.18616663232991942,-0.5558800767738914,0.13804549313839817,-1.8,-0.1358703449584963
83,-0.3039600761045173,-0.0018625393554369252,0.3492555202169149,-0.19649834368354052,-0.0038637835391075468,0.9795521401535595,0.043024142373414447,-1.318204398785703,0.05532544305664989,-0.07275416597425617,1.2826807594490024,-0.5130411836432772,0.11765485859199264,-1.388645320205487,-0.05836622456257355,-0.039307233265164644,1.4013574110452303,-0.5336522068547872,-0.08816280748381944,0.22332180469916044,0.6156440913173364,-0.1089077896415571,-1.8,0.04531143388628471,0.18722051873535223,-0.5581061338578278,0.13807142579037418,-1.8,-0.1300953146078564
84,-0.30409865855295143,-0.0021232467930199523,0.3491171393925662,-0.19625106875123663,-0.004306595877798089,0.9795524467606095,0.0440905351662296,-1.3179104892027012,0.055013309136198674,-0.07393826938969345,1.2842273039066658,-0.5179261697212402,0.12044848625895835,-1.3875686398399918,-0.05667173817438104,-0.03913339382414822,1.4004504107533116,-0.5381352791599244,-0.08884150775982438,0.2205634163888888,0.6203165948289675,-0.10785232922198834,-1.8,0.0447252921584089,0.18917791497544612,-0.5602076791955959,0.1375275758736216,-1.8,-0.12495080087916535
85,-0.30382243242253715,-0.002382200952624798,0.3489455039471582,-0.19562542652143772,-0.004451434057531132,0.9796713849150578,0.044213740078715605,-1.3194298892156442,0.054818029953238874,-0.07338587243704209,1.2871107587739978,-0.5208103830965698,0.12202823926856345,-1.3877159166059256,-0.05555937781701715,-0.03815354648725716,1.4008834172895872,-0.5416114871657063,-0.09050370335370206,0.2172460450893933,0.6226531389847082,-0.10661968528158754,-1.8,0.04487823121274537,0.19074074988033002,-0.5610996435169453,0.13503979825514192,-1.8,-0.12069526112138533
86,-0.30366601970383816,-0.0026438888104212284,0.34883377843985586,-0.19473239496154698,-0.004544536370612115,0.9798460035720025,0.044276978506779634,-1.319469590658885,0.05382442962812037,-0.07301846843898961,1.2890533176751622,-0.5233490856022015,0.12410027855810776,-1.3875443508668783,-0.054883199665678804,-0.036818832712919164,1.40199038865547,-0.5429972608532198,-0.0921323373371479,0.21549861141510115,0.626825072956538,-0.10853225991910466,-1.8,0.04598209350321125,0.19257471173861823,-0.5631873827972489,0.13352619131024637,-1.8,-0.11559070965535945
87,-0.3036677062802712,-0.002429947226006853,0.349048045149053,-0.1934078985063258,-0.004122612260109417,0.9801202273355069,0.04405370394543562,-1.3178815810837987,0.05281298385010154,-0.07312990031309716,1.2898224941771763,-0.5217466691765357,0.12463982262404735,-1.3864411913042125,-0.05423313054187419,-0.03598407488190926,1.4032549167833972,-0.5409707681354655,-0.09245967377223194,0.21997970722477897,0.6318335628737864,-0.10684565977030733,-1.8,0.04444866574657167,0.19543649166991214,-0.5629262570537754,0.13374301460804952,-1.8,-0.10662704108178805
88,-0.30394815624980914,-0.0021828987386115863,0.34957802811670396,-0.19258837227826137,-0.004051571373719874,0.9802671846231578,0.044379616758140644,-1.3160010028349938,0.052720489896836815,-0.07443978175958532,1.2894527190274316,-0.5157412676260678,0.1219394291073725,-1.3862742787744047,-0.05171975831448533,-0.035539498620027685,1.4044310978170655,-0.5337559833876142,-0.08842363347627204,0.22758306116788674,0.6329693785865304,-0.10214436871220464,-1.8,0.03969209446992306,0.19934319971101427,-0.5632021399800416,0.13696287897552212,-1.8,-0.09700055107446738
