root_pos_x,root_pos_y,root_pos_z,root_rot_x,root_rot_y,root_rot_z,root_rot_w,root_lin_vel_x,root_lin_vel_y,root_lin_vel_z,root_ang_vel_x,root_ang_vel_y,root_ang_vel_z,l_hip_pitch_angle,l_hip_roll_angle,l_thigh_angle,l_calf_angle,l_ankle_pitch_angle,l_ankle_roll_angle,l_shoulder_pitch_angle,l_shoulder_roll_angle,l_upper_arm_angle,l_elbow_angle,l_wrist_angle,r_hip_pitch_angle,r_hip_roll_angle,r_thigh_angle,r_calf_angle,r_ankle_pitch_angle,r_ankle_roll_angle,r_shoulder_pitch_angle,r_shoulder_roll_angle,r_upper_arm_angle,r_elbow_angle,r_wrist_angle,l_hip_pitch_angvel,l_hip_roll_angvel,l_thigh_angvel,l_calf_angvel,l_ankle_pitch_angvel,l_ankle_roll_angvel,l_shoulder_pitch_angvel,l_shoulder_roll_angvel,l_upper_arm_angvel,l_elbow_angvel,l_wrist_angvel,r_hip_pitch_angvel,r_hip_roll_angvel,r_thigh_angvel,r_calf_angvel,r_ankle_pitch_angvel,r_ankle_roll_angvel,r_shoulder_pitch_angvel,r_shoulder_roll_angvel,r_upper_arm_angvel,r_elbow_angvel,r_wrist_angvel
0.006298,0.00711,0.375797,-0.007682,-0.00741,0.584865,0.811061,-0.011828,-0.021278,-0.00897,-0.023493,0.041325,-0.053559,-0.197419,-0.057402,-0.227003,0.369405,-0.250159,0.028556,0.017302,0.331897,-0.64206,-0.462405,0.010052,-0.301561,0.058584,0.160548,0.548895,-0.224736,0.083172,0.062945,-0.354665,0.743379,-0.586436,0.010341,-0.127701,0.09717,0.146401,0.115881,-0.130483,-0.023238,0.013173,0.059147,0.12249,0.014165,0.070669,0.016093,0.109571,0.019704,-0.179474,-0.131547,-0.139175,-0.039969,0.072846,-0.13792,0.032143,-0.146919
0.006698,0.006701,0.375611,-0.008223,-0.007054,0.584266,0.81149,-0.014833,-0.024961,-0.010103,-0.022203,0.075607,-0.071063,-0.200678,-0.055237,-0.223717,0.372039,-0.252877,0.02829,0.017874,0.333365,-0.639066,-0.46224,0.012048,-0.302694,0.061122,0.160734,0.546928,-0.226985,0.080304,0.062167,-0.352965,0.740422,-0.586019,0.007282,-0.219934,0.103252,0.188081,0.185318,-0.137595,-0.004696,0.033092,0.065554,0.14869,-0.030806,0.122458,-0.12455,0.12817,-0.006857,-0.028163,-0.088007,-0.165411,-0.013012,0.056358,-0.180778,-0.009495,-0.182393
0.007056,0.00623,0.375393,-0.008936,-0.006431,0.583723,0.811878,-0.026543,-0.032375,-0.008748,-0.008856,0.096093,-0.049308,-0.206216,-0.053272,-0.21948,0.376817,-0.255663,0.028368,0.018626,0.334519,-0.636112,-0.463637,0.01495,-0.306543,0.06371,0.160273,0.547768,-0.228256,0.076556,0.062424,-0.352411,0.736148,-0.586816,0.003045,-0.338743,0.102359,0.187107,0.280323,-0.134718,0.018429,-0.007117,0.071903,0.19959,-0.056964,0.150002,-0.242696,0.155128,0.004244,0.06591,-0.062875,-0.202014,0.003285,0.025435,-0.215756,-0.043002,-0.202871
0.007587,0.005282,0.375261,-0.009494,-0.005588,0.583481,0.812052,-0.037249,-0.040768,-0.006042,-0.001863,0.086307,-0.060604,-0.214227,-0.051143,-0.216233,0.383252,-0.258266,0.029027,0.01759,0.336241,-0.631082,-0.464518,0.018048,-0.312402,0.067327,0.160904,0.549565,-0.2295,0.072224,0.062298,-0.351947,0.731791,-0.587739,-0.000833,-0.46001,0.091069,0.182893,0.442162,-0.112271,0.023863,-0.006049,0.081169,0.256508,-0.071784,0.144612,-0.335297,0.200171,0.044625,0.171612,-0.040913,-0.210759,0.046273,-0.021721,-0.219135,-0.062166,-0.209158
0.008127,0.004298,0.375151,-0.009981,-0.00504,0.582753,0.812573,-0.047023,-0.041154,-0.006338,0.011794,0.087149,-0.059452,-0.224616,-0.049629,-0.212164,0.394504,-0.260154,0.029323,0.018384,0.337765,-0.625852,-0.466508,0.020735,-0.319955,0.071717,0.162058,0.554632,-0.229893,0.068126,0.064275,-0.35328,0.727383,-0.589302,-0.005321,-0.640004,0.038239,0.175378,0.693415,-0.083083,0.00997,-0.000811,0.028253,0.304825,-0.068315,0.111199,-0.433939,0.219391,0.095199,0.278444,-0.026483,-0.223635,0.118057,-0.125378,-0.219202,-0.047487,-0.184522
0.008543,0.002972,0.375008,-0.010324,-0.004023,0.58253,0.812734,-0.068025,-0.034145,-0.011686,0.027061,0.10917,-0.068315,-0.239828,-0.049613,-0.209218,0.410989,-0.261589,0.029426,0.017557,0.337371,-0.618889,-0.467251,0.022496,-0.32976,0.076103,0.164711,0.560702,-0.230559,0.063278,0.06702,-0.356963,0.723023,-0.589639,-0.008214,-1.020198,-0.075081,0.167129,1.200258,0.007228,-0.02332,-0.011299,-0.028466,0.397692,-0.087827,0.09739,-0.60536,0.20313,0.140067,0.407002,-0.058938,-0.256985,0.201275,-0.249046,-0.201495,-0.077843,-0.172733
0.008546,0.001282,0.374684,-0.010819,-0.002936,0.581662,0.813353,-0.113526,-0.024969,-0.019893,0.031368,0.115808,-0.05654,-0.265424,-0.052632,-0.205479,0.442514,-0.259864,0.02839,0.017932,0.336627,-0.609944,-0.470021,0.02463,-0.344169,0.079842,0.167661,0.570913,-0.23225,0.057846,0.072326,-0.363241,0.719323,-0.592416,-0.012231,-1.624114,-0.223145,0.146422,1.930281,0.188047,-0.110268,0.016981,0.022399,0.53619,-0.193105,0.076328,-0.860533,0.194198,0.188091,0.603153,-0.141638,-0.260358,0.29174,-0.353451,-0.223008,-0.226384,-0.165213
0.00802,-0.001648,0.374212,-0.011162,-0.001761,0.581631,0.813374,-0.182171,-0.014238,-0.033003,0.073423,0.173173,0.027281,-0.304792,-0.058539,-0.203361,0.4882,-0.254067,0.025015,0.018236,0.338267,-0.597442,-0.474975,0.025549,-0.364181,0.083871,0.172235,0.584829,-0.236224,0.052864,0.07869,-0.371101,0.714103,-0.598694,-0.014823,-2.569536,-0.390959,0.183739,2.939737,0.632125,-0.348875,0.025868,0.081718,0.775017,-0.271492,0.003568,-1.189866,0.136027,0.214218,0.774476,-0.330832,-0.273213,0.326804,-0.463519,-0.274468,-0.421268,-0.098618
0.006728,-0.005797,0.373364,-0.011637,0.000729,0.582137,0.813007,-0.279797,0.016875,-0.023329,0.158064,0.291772,0.21233,-0.368206,-0.068271,-0.198129,0.560104,-0.234579,0.014435,0.018966,0.339896,-0.578944,-0.480881,0.024773,-0.391764,0.085283,0.17623,0.601892,-0.245484,0.046918,0.085398,-0.381782,0.708344,-0.609267,-0.016175,-4.054218,-0.654195,0.39563,4.542456,1.537449,-0.865391,-0.04867,0.038932,1.015855,-0.283149,-0.111561,-1.662816,-0.044248,0.179584,1.022512,-0.592023,-0.291083,0.314362,-0.702383,-0.432942,-0.667441,-0.037426
0.003774,-0.012025,0.373279,-0.011985,0.004776,0.585129,0.810837,-0.285572,0.084746,-0.040776,0.238367,0.314892,0.450679,-0.466961,-0.084707,-0.187536,0.669898,-0.192569,-0.009601,0.01629,0.339824,-0.556808,-0.486301,0.021086,-0.430693,0.082101,0.179418,0.625729,-0.259905,0.041221,0.091264,-0.399196,0.696785,-0.625392,-0.01632,-5.575118,-0.781712,0.872107,6.132202,2.298839,-1.179516,-0.128487,-0.042055,1.099949,-0.177801,-0.153303,-1.818714,-0.319019,0.034436,1.39378,-0.558554,-0.265272,0.339148,-0.939202,-0.648701,-0.716008,0.009568
-9e-05,-0.015569,0.371733,-0.01149,0.008521,0.589496,0.807645,-0.301368,0.140506,-0.120131,0.380735,0.189705,0.657501,-0.59121,-0.099539,-0.163245,0.805392,-0.142626,-0.032746,0.013827,0.338213,-0.534946,-0.487993,0.018641,-0.464512,0.072523,0.177607,0.657643,-0.267826,0.036307,0.098964,-0.41935,0.682396,-0.637907,-0.015793,-7.411746,-0.844489,1.521878,8.05419,1.930729,-0.491915,-0.158028,-0.234715,1.219314,0.082209,0.120239,-1.650796,-0.566966,0.168423,1.269256,-0.305925,-0.50454,0.474599,-1.153413,-0.94579,-0.63557,-0.200064
-0.005254,-0.021792,0.368473,-0.008173,0.012191,0.595814,0.802988,-0.339681,0.152831,-0.123507,0.508978,0.077542,0.775591,-0.763431,-0.118486,-0.126661,0.992066,-0.11534,-0.029277,0.009969,0.330435,-0.508035,-0.483013,0.025896,-0.496725,0.059422,0.186155,0.676499,-0.272142,0.021039,0.110248,-0.445332,0.658954,-0.650815,-0.024322,-8.177164,-0.889421,2.126919,9.479966,1.411041,0.067682,-0.150786,-0.410173,1.19886,0.302133,0.368804,-1.350666,-0.804665,0.278333,0.669739,-0.053128,-0.6042,0.642975,-1.193764,-1.291458,-0.399636,-0.531244
-0.009879,-0.026801,0.366793,-0.004428,0.015708,0.60205,0.798291,-0.240914,0.111712,-0.058771,0.591692,0.121763,0.804001,-0.918297,-0.135116,-0.078168,1.18459,-0.086184,-0.030039,0.007796,0.321806,-0.486991,-0.475908,0.033393,-0.518539,0.040336,0.18874,0.684432,-0.269951,0.012139,0.124683,-0.467101,0.630738,-0.653892,-0.037042,-7.508254,-0.473603,2.443939,9.466855,1.242929,0.116421,-0.166662,-0.462756,0.844724,0.484842,0.041967,-0.562885,-1.007594,0.27154,-0.277851,0.041298,-0.364228,0.563727,-0.988294,-1.242484,-0.010539,-0.691994
-0.012198,-0.02983,0.366123,-0.00046,0.021189,0.608714,0.793106,-0.166223,0.046855,-0.040323,0.773821,0.091312,1.089787,-1.063761,-0.137431,-0.028903,1.37074,-0.065623,-0.024621,0.003302,0.311925,-0.474246,-0.463619,0.027574,-0.519241,0.019118,0.197017,0.665385,-0.27049,0.00647,0.132798,-0.484864,0.609254,-0.651236,-0.052002,-7.332903,-0.058679,2.3701,9.753069,0.729433,0.52359,-0.229639,-0.538576,0.627074,0.865927,-0.629047,1.028135,-1.208045,0.875488,-2.576953,-0.417268,-0.774305,0.403169,-0.978041,-1.288608,0.189283,-0.797143
-0.013407,-0.03274,0.36518,0.006297,0.026573,0.619335,0.784652,-0.168142,0.000804,0.003842,0.827918,-0.026383,1.257916,-1.211613,-0.137463,0.016636,1.574713,-0.057007,-0.009095,-0.00139,0.300263,-0.461908,-0.441271,0.008231,-0.477414,-0.007986,0.22376,0.581354,-0.286642,-0.018833,0.14081,-0.506223,0.579193,-0.646321,-0.068928,-6.068092,0.369475,1.765534,8.342605,-0.217168,0.760199,-0.196888,-0.446653,0.320893,0.823836,-0.611172,1.589636,-1.345498,0.684342,-3.383292,-0.199494,-0.739775,0.290294,-0.861392,-1.349824,0.272953,-0.71241
-0.013787,-0.036365,0.366276,0.012185,0.031198,0.628488,0.777098,-0.142079,-0.039737,0.05364,0.733755,-0.012826,1.147043,-1.306484,-0.122652,0.041718,1.704444,-0.07431,0.005787,-0.004573,0.294059,-0.46141,-0.430666,0.003128,-0.455655,-0.034702,0.224391,0.530054,-0.27847,-0.023121,0.144409,-0.51932,0.555261,-0.640318,-0.080499,-4.102669,1.040692,1.015704,5.402902,-0.925372,0.610048,-0.169812,-0.309032,-0.126248,0.481499,-0.357348,1.047827,-1.258834,-0.115167,-2.321393,0.412268,-0.189205,0.158494,-0.563075,-1.02378,0.218101,-0.414396
-0.013035,-0.03863,0.367325,0.017134,0.03588,0.637101,0.769754,-0.10504,-0.018616,0.053158,0.602387,-0.040682,1.062914,-1.37572,-0.095835,0.057264,1.790829,-0.094022,0.015307,-0.008183,0.287902,-0.466958,-0.422011,-0.006063,-0.4355,-0.058339,0.219153,0.488499,-0.270151,-0.026401,0.14715,-0.528746,0.538242,-0.637597,-0.085504,-2.749814,1.170158,0.336348,3.625134,-0.768858,0.462457,-0.165165,-0.255743,-0.096608,0.588071,-0.377358,0.767077,-1.099428,-0.200684,-1.555878,0.429289,-0.035327,0.100689,-0.439129,-0.749013,0.254848,-0.145104
-0.013835,-0.040632,0.368403,0.021222,0.03862,0.644771,0.763105,-0.084687,0.083198,0.051082,0.302852,0.013058,0.870455,-1.416477,-0.075845,0.055172,1.84945,-0.105064,0.024286,-0.01118,0.283829,-0.465275,-0.407143,-0.011967,-0.424972,-0.078679,0.216363,0.467818,-0.261299,-0.024534,0.148437,-0.536885,0.525301,-0.630124,-0.086303,-1.320857,0.988521,-0.415048,1.985291,-0.57721,0.452621,-0.129353,-0.173227,0.14475,0.63176,-0.184531,0.290186,-0.908964,-0.19388,-0.699897,0.431487,0.338919,0.09197,-0.429508,-0.63712,0.317295,-0.041422
-0.016878,-0.041419,0.369369,0.020914,0.040328,0.650317,0.758304,-0.057558,0.176191,0.04545,-0.058894,0.036364,0.596116,-1.428554,-0.056295,0.040662,1.870241,-0.11711,0.033412,-0.013357,0.280973,-0.461168,-0.39674,-0.013444,-0.423893,-0.094698,0.211398,0.460503,-0.252891,-0.012845,0.150828,-0.545926,0.512757,-0.624905,-0.087161,0.524979,1.108174,-1.155688,-0.436732,-0.551852,0.488921,0.049125,-0.106312,0.355605,0.470844,0.240895,0.097095,-0.648631,-0.121822,-0.272281,0.421772,0.712352,0.159388,-0.414956,-0.370306,0.22576,-0.091262
-0.02115,-0.041844,0.370221,0.019396,0.038644,0.65381,0.755423,0.006522,0.204192,0.054846,-0.218038,-0.004387,0.174443,-1.395478,-0.031518,0.008945,1.831981,-0.127138,0.043842,-0.009215,0.279577,-0.45105,-0.388309,-0.002331,-0.421088,-0.104624,0.21149,0.456927,-0.244428,0.00396,0.154812,-0.553483,0.510489,-0.621094,-0.089953,2.545925,1.207497,-2.098303,-2.790393,-0.338764,0.52983,0.441129,0.021798,0.497259,0.454995,0.746007,0.202579,-0.460865,0.082655,-0.14515,0.451763,1.050584,0.160577,-0.223931,0.141886,0.199007,-0.099643
-0.024926,-0.04,0.371562,0.017553,0.037465,0.653021,0.756209,0.119665,0.223552,0.055176,-0.326983,0.05181,-0.169238,-1.326717,-0.007995,-0.04327,1.758625,-0.130661,0.054605,0.004289,0.281845,-0.441278,-0.37854,0.016396,-0.41579,-0.113132,0.214704,0.454697,-0.234821,0.029179,0.157252,-0.554883,0.518433,-0.616945,-0.091147,4.176443,1.210497,-2.74753,-4.419138,0.05602,0.343493,0.739068,0.318232,0.591055,0.333853,0.885546,0.468188,-0.341783,0.370469,-0.238141,0.432499,1.235856,0.12754,0.081633,0.581528,0.009753,0.063499
-0.029307,-0.035816,0.372428,0.013906,0.03509,0.651281,0.757897,0.184544,0.25642,0.045773,-0.496081,-0.159998,-0.470444,-1.22842,0.016902,-0.100956,1.655215,-0.124897,0.057582,0.020348,0.292306,-0.427408,-0.374955,0.033091,-0.402361,-0.118295,0.226309,0.447402,-0.227128,0.053394,0.159914,-0.550218,0.53375,-0.620704,-0.087413,5.783472,1.244333,-3.194835,-6.109178,0.381689,-0.159079,0.875107,0.610571,0.850692,0.195485,1.037288,0.864714,-0.240496,0.579209,-0.364326,0.374907,1.336184,-0.056944,0.474627,1.029436,-0.601295,0.210505
-0.033966,-0.03117,0.373393,0.012458,0.028417,0.646086,0.762634,0.219797,0.208809,0.05053,-0.553379,-0.383296,-0.801257,-1.095378,0.041779,-0.171063,1.514258,-0.115393,0.048242,0.039293,0.306268,-0.40725,-0.370721,0.057888,-0.381201,-0.122752,0.237873,0.440124,-0.219825,0.082626,0.154974,-0.535898,0.55961,-0.640997,-0.082726,7.326355,1.651518,-3.672603,-7.808338,0.827412,-0.953892,0.976362,0.771092,0.90852,0.032074,1.232176,1.008285,-0.106737,0.421606,-0.068328,0.147063,1.44751,-0.46473,0.818977,1.252814,-0.840988,0.47816
-0.036109,-0.025776,0.374449,0.010897,0.021888,0.639365,0.768514,0.236679,0.141437,0.035953,-0.570084,-0.316003,-0.927674,-0.935366,0.082962,-0.247861,1.342881,-0.091801,0.019427,0.059402,0.32315,-0.391067,-0.373672,0.082378,-0.36203,-0.122565,0.243173,0.444668,-0.221245,0.111295,0.141325,-0.517459,0.583862,-0.654343,-0.068287,8.133405,2.177598,-3.430863,-8.679457,1.301527,-1.914866,0.957305,0.926867,0.756812,-0.04632,1.025988,0.773032,0.030298,0.216547,0.356615,-0.323539,1.137852,-0.634576,0.838562,1.025702,-0.438439,0.847775
-0.037811,-0.020833,0.374831,0.008159,0.016076,0.632043,0.774724,0.208498,0.14215,0.003866,-0.54518,-0.30148,-0.971981,-0.770042,0.128883,-0.308298,1.16708,-0.063332,-0.028353,0.077585,0.343343,-0.376978,-0.372574,0.098927,-0.35028,-0.12154,0.246534,0.454388,-0.232766,0.12814,0.129591,-0.502356,0.600638,-0.658534,-0.048815,8.141363,2.439836,-2.48174,-9.118094,1.437508,-2.750366,0.918975,0.935546,0.60902,0.049164,0.872827,0.456548,-0.068078,0.076512,0.721154,-0.737123,0.700787,-0.471016,0.659189,0.701188,-0.276825,0.632496
-0.040007,-0.016466,0.374603,0.006576,0.010154,0.624467,0.780957,0.15012,0.18751,-0.033571,-0.397823,-0.436905,-0.807964,-0.609711,0.180556,-0.34713,0.978158,-0.0343,-0.090588,0.096161,0.360572,-0.366707,-0.371705,0.117291,-0.343768,-0.125288,0.246234,0.473515,-0.25073,0.139326,0.122484,-0.491091,0.61191,-0.665416,-0.042987,7.518608,2.209293,-1.946715,-9.285519,1.27074,-3.051117,0.893048,0.788837,0.470713,0.144721,0.818689,0.234948,-0.366414,0.062628,1.052992,-1.00411,0.359505,-0.256302,0.643054,0.345009,0.200358,0.415987
-0.043807,-0.013326,0.373489,0.007546,0.004158,0.619586,0.784881,0.025044,0.309545,-0.069323,-0.245046,-0.569063,-0.587979,-0.469298,0.217254,-0.386166,0.795659,-0.012503,-0.150398,0.113307,0.374896,-0.358149,-0.366785,0.131675,-0.340882,-0.136197,0.24904,0.496508,-0.272931,0.14252,0.119339,-0.476633,0.614439,-0.65052,-0.032176,6.101335,1.480293,-1.628978,-8.73277,0.291634,-2.560141,0.680418,0.604368,0.222009,-0.032279,0.589149,-0.173324,-0.813378,0.241644,1.343231,-0.805715,0.16649,-0.140457,0.685541,-0.2875,0.649596,0.269326
-0.051817,-0.012616,0.371831,0.009824,-0.001913,0.615342,0.788196,-0.08143,0.430047,-0.098301,-0.246591,-0.52788,-0.450729,-0.365658,0.239767,-0.412289,0.628847,-0.022635,-0.192994,0.123378,0.384746,-0.357826,-0.372997,0.140857,-0.350701,-0.157823,0.2559,0.527244,-0.282959,0.145986,0.116866,-0.46367,0.60041,-0.639432,-0.032214,4.30191,0.610919,-1.035458,-6.648921,-0.953008,-1.275955,0.251083,0.47958,-0.247169,-0.127354,0.030545,-0.442388,-0.973483,0.648253,1.149233,-0.299969,0.182376,-0.095524,0.635443,-0.791483,0.753326,0.213679
-0.061285,-0.01231,0.369557,0.010129,-0.007281,0.612537,0.790344,-0.027643,0.495713,-0.101163,-0.323321,-0.376642,-0.400804,-0.297221,0.241691,-0.427585,0.529702,-0.050623,-0.201436,0.12335,0.394079,-0.368036,-0.371879,0.132897,-0.358578,-0.175136,0.27497,0.542477,-0.284929,0.149815,0.115518,-0.451216,0.582779,-0.620387,-0.023629,2.584758,-0.654686,-0.377485,-3.047745,-2.001794,0.175822,-0.153237,0.244735,-0.395742,0.144924,-0.153047,-0.517477,-1.004569,0.876036,0.689155,0.494456,0.428117,-0.082029,0.386715,-0.906439,0.734552,0.135049
-0.071294,-0.008739,0.367784,0.009275,-0.011904,0.609043,0.792993,0.030689,0.548102,-0.07969,-0.323074,-0.246971,-0.19446,-0.262268,0.21358,-0.427389,0.506937,-0.102707,-0.185961,0.117248,0.394536,-0.373656,-0.3672,0.134735,-0.3714,-0.198006,0.290941,0.55481,-0.26318,0.16311,0.113585,-0.448201,0.564152,-0.61005,-0.026812,1.084315,-1.672756,0.700673,-0.151808,-2.814894,1.232318,-0.460425,0.089867,-0.599954,0.098099,-0.025599,-0.913237,-1.141799,0.571615,0.581818,1.63288,0.577536,-0.030662,0.198031,-1.131753,0.626974,-0.150256
-0.082151,-0.005469,0.366369,0.00795,-0.015163,0.609492,0.792608,0.005067,0.557009,-0.048462,-0.320564,-0.106016,-0.129467,-0.253849,0.174781,-0.399558,0.52363,-0.163219,-0.152143,0.104933,0.397674,-0.392034,-0.367955,0.131873,-0.395107,-0.220808,0.297834,0.56575,-0.219614,0.172917,0.114291,-0.443294,0.537509,-0.595308,-0.029639,0.231544,-1.765456,1.50962,0.791724,-3.0605,1.954543,-0.622766,0.164529,-1.224243,-0.090938,-0.185434,-1.59146,-0.91682,0.393164,0.593635,2.266648,0.387123,0.044863,0.377279,-1.36273,0.655136,-0.273186
-0.092776,-0.002823,0.365846,0.005459,-0.017519,0.607032,0.794466,-0.003987,0.574821,0.01731,-0.337651,0.102187,-0.389994,-0.253006,0.142962,-0.367004,0.538606,-0.225127,-0.107779,0.092338,0.401117,-0.422626,-0.370837,0.127318,-0.435058,-0.234679,0.306668,0.578555,-0.172515,0.178595,0.115379,-0.43311,0.509643,-0.583845,-0.037739,0.010187,-1.426675,1.745655,0.30802,-2.860023,1.9734,-0.700419,0.089938,-1.360559,-0.309307,-0.416525,-2.751587,-0.508856,-0.11678,1.258035,2.320248,0.119243,0.102905,0.689461,-1.52741,0.496524,-0.293971
-0.104379,0.000415,0.367061,0.001219,-0.017681,0.60338,0.797257,0.047855,0.596389,0.079634,-0.394717,0.468578,-0.435668,-0.253441,0.117714,-0.329732,0.535951,-0.27762,-0.073207,0.076916,0.401271,-0.446456,-0.380328,0.115212,-0.505171,-0.241162,0.293163,0.616071,-0.126804,0.177687,0.118407,-0.415716,0.476413,-0.575447,-0.041398,-0.079841,-1.151036,1.532427,-0.496546,-2.128976,1.603079,-0.744658,0.031322,-1.543655,-0.613408,-0.493584,-4.089477,0.063694,-0.686272,2.947492,2.327855,-0.28999,0.040724,0.825443,-1.199761,0.40381,0.089883
-0.115217,0.005493,0.369031,-0.006631,-0.014805,0.600264,0.799637,0.058804,0.56798,0.120889,-0.640965,0.77477,-0.443835,-0.2562,0.09692,-0.305707,0.518744,-0.310286,-0.043656,0.062551,0.40237,-0.484372,-0.395374,0.107574,-0.598637,-0.232131,0.279217,0.696455,-0.0794,0.166996,0.117008,-0.400092,0.461653,-0.567692,-0.034144,-0.14093,-0.731357,0.854052,-1.239848,-0.994982,1.221376,-0.740821,0.225042,-1.845535,-0.877361,-0.479394,-5.451772,0.714731,-0.987269,5.612704,2.319169,-0.488597,-0.215317,0.734955,-0.39095,0.466808,0.681721
-0.12554,0.009011,0.371897,-0.018471,-0.01292,0.596494,0.802301,-0.028319,0.515415,0.139467,-0.877046,0.695971,-0.771664,-0.259079,0.08846,-0.29557,0.486357,-0.317419,-0.024352,0.047284,0.410273,-0.520278,-0.415422,0.096036,-0.723242,-0.212573,0.253672,0.840579,-0.034038,0.158143,0.109795,-0.386318,0.460775,-0.556775,-0.014129,0.047643,-0.314852,0.516733,-1.902685,0.198514,0.764794,-0.496741,0.393577,-1.655982,-1.046491,-0.475814,-6.493641,1.444561,-1.322139,8.340338,1.753714,-0.474406,-0.405354,0.755526,0.217773,0.327053,0.746634
-0.135286,0.010347,0.37461,-0.029229,-0.013888,0.58789,0.808293,-0.059272,0.383842,0.11875,-0.866503,0.524079,-1.132716,-0.254294,0.084326,-0.285037,0.442637,-0.302345,-0.013064,0.042682,0.418113,-0.550611,-0.437233,0.088542,-0.858383,-0.174348,0.226331,1.030069,-0.009252,0.14802,0.100794,-0.369871,0.470363,-0.55461,-0.004279,0.352192,-0.032063,0.227088,-2.29152,1.323191,0.359939,-0.016954,0.587397,-1.22658,-1.313384,-0.359912,-7.427963,2.534274,-1.935637,11.39272,0.751488,-0.32506,-0.55768,0.882202,0.944793,0.19899,0.601583
-0.140876,0.011491,0.376647,-0.038945,-0.013993,0.577999,0.814988,-0.117401,0.207951,0.094386,-0.62219,0.288866,-1.049036,-0.244991,0.087177,-0.286486,0.394696,-0.264491,-0.009954,0.046606,0.433769,-0.569341,-0.467957,0.08164,-1.02036,-0.111202,0.176247,1.296288,-0.003978,0.14514,0.087488,-0.35103,0.498567,-0.548815,0.009934,0.318082,0.243854,0.208882,-2.20564,2.286989,-0.226357,0.342552,0.796042,-1.026937,-1.518023,-0.433806,-7.980424,2.844378,-3.335162,13.639454,-0.370539,-0.153616,-0.624264,0.845774,1.096429,0.178734,0.290514
-0.144691,0.008674,0.378385,-0.043026,-0.015582,0.570594,0.819956,-0.177804,0.118797,0.084863,-0.341541,-0.019615,-0.744625,-0.241571,0.09408,-0.276682,0.354411,-0.210866,-0.022118,0.056384,0.449955,-0.591689,-0.497954,0.07119,-1.1776,-0.060573,0.092925,1.575647,-0.024073,0.141875,0.075824,-0.33604,0.514221,-0.547461,0.007342,0.201656,0.283236,0.586256,-1.728272,2.668309,-0.764634,0.315917,0.504363,-0.844147,-0.974995,-0.74829,-6.284125,1.952923,-3.676039,11.530923,-1.685007,-0.751439,-0.35294,0.590116,0.389268,0.108782,-0.046848
-0.147809,0.00648,0.380041,-0.044567,-0.017577,0.565558,0.823316,-0.140864,0.136406,0.070146,-0.217953,-0.056109,-0.504101,-0.236925,0.098506,-0.263036,0.325565,-0.157759,-0.04054,0.059242,0.453944,-0.603107,-0.506957,0.051708,-1.271725,-0.033085,0.029205,1.757525,-0.071378,0.115083,0.07337,-0.327425,0.514137,-0.544464,0.00806,0.09078,0.120208,0.93705,-1.18893,2.345441,-0.822355,0.130356,0.030275,-0.53786,-0.279356,-0.922269,-3.862324,1.426387,-2.797586,7.791293,-2.514148,-1.559985,-0.098296,0.323985,0.04576,0.025195,0.172941
-0.151809,0.00538,0.381191,-0.046159,-0.018516,0.562109,0.825567,-0.092233,0.175803,0.036306,-0.09112,0.124801,-0.20574,-0.237939,0.098889,-0.2392,0.306854,-0.117048,-0.055013,0.061598,0.451166,-0.613203,-0.509128,0.034299,-1.332093,-0.003518,-0.018979,1.887298,-0.124639,0.079475,0.071892,-0.323081,0.516051,-0.546453,0.014259,-0.139216,-0.158022,1.108299,-0.812268,1.679601,-0.616889,-0.005846,-0.27647,-0.234734,-0.090476,-0.821375,-2.458642,1.422271,-2.187449,5.374877,-2.486934,-1.611656,-0.001712,0.010624,0.005841,-0.320566,0.164436
-0.155704,0.005633,0.381494,-0.047542,-0.016342,0.562181,0.825485,-0.05751,0.151082,-0.00445,0.21851,0.321945,0.225957,-0.242493,0.092186,-0.218704,0.293074,-0.090575,-0.065215,0.059008,0.442885,-0.612496,-0.510576,0.018853,-1.370071,0.023806,-0.058293,1.97252,-0.170856,0.050617,0.073301,-0.327,0.514371,-0.557287,0.014638,-0.315466,-0.474708,1.090348,-0.571029,1.017407,-0.479873,-0.311346,-0.489471,-0.091217,0.091423,-0.767359,-1.03176,1.253865,-1.927322,2.764187,-1.891465,-1.030897,0.011527,-0.209455,-0.088168,-0.584715,-0.045387
-0.158274,0.005461,0.381013,-0.046076,-0.010952,0.566195,0.82291,-0.087398,0.106735,-0.034365,0.541602,0.278243,0.62462,-0.250558,0.0799,-0.195586,0.284013,-0.076352,-0.074208,0.049144,0.431587,-0.616852,-0.505471,0.003604,-1.373363,0.046637,-0.096072,1.997866,-0.200298,0.03824,0.072353,-0.331459,0.512524,-0.569842,0.012444,-0.554044,-0.772718,1.156531,-0.14427,0.554901,-0.285845,-0.510825,-0.536347,-0.296042,0.108007,-0.758378,0.66554,1.116414,-1.6778,0.191045,-0.841928,-0.303345,0.001784,-0.294798,0.014209,-0.766799,0.015299
-0.160944,0.003902,0.380119,-0.041603,-0.006204,0.573004,0.818472,-0.107234,0.080567,-0.053615,0.704082,0.072841,0.884878,-0.264655,0.061277,-0.172443,0.287303,-0.068379,-0.076649,0.038575,0.421431,-0.624338,-0.506256,-0.011482,-1.343449,0.068462,-0.125405,1.980162,-0.204533,0.038483,0.073373,-0.338792,0.514939,-0.587958,0.01525,-0.708692,-1.011642,0.920094,0.485249,0.365581,0.02579,-0.522403,-0.511249,-0.310301,0.192023,-0.794883,2.335284,0.994053,-1.277042,-2.208083,0.146454,0.313629,0.025113,-0.389038,0.245134,-0.654536,0.287216
-0.162774,0.00254,0.378868,-0.035246,-0.002434,0.581206,0.812989,-0.077036,0.05351,-0.054156,0.712635,-0.036972,1.020443,-0.278906,0.039435,-0.158783,0.303423,-0.061729,-0.073176,0.028248,0.411137,-0.629264,-0.49779,-0.028191,-1.279952,0.086399,-0.147153,1.909543,-0.19444,0.050785,0.073357,-0.347021,0.52233,-0.596023,0.023933,-0.674839,-1.058257,0.393983,0.866073,0.325966,0.257402,-0.555089,-0.467936,-0.258958,0.299695,-0.626214,4.111261,0.989609,-0.757627,-5.065355,0.52233,0.808482,0.023026,-0.387918,0.436894,-0.294184,0.18582
-0.163969,0.001682,0.377953,-0.029519,0.000733,0.590046,0.806829,0.001313,0.109752,-0.027507,0.501012,-0.003148,1.16425,-0.291649,0.018947,-0.156683,0.321946,-0.05534,-0.066353,0.016372,0.402713,-0.634696,-0.494268,-0.036531,-1.178999,0.108047,-0.15571,1.777548,-0.18364,0.070822,0.074294,-0.354309,0.532415,-0.599726,0.022683,-0.793444,-1.121712,-0.089288,1.498694,0.414204,0.296837,-0.582214,-0.589075,-0.187792,0.319384,-0.442746,6.687009,1.442879,0.358319,-9.302742,0.269891,1.009169,0.102358,-0.441893,0.555341,0.023684,-0.094147
-0.166941,0.003924,0.377768,-0.027117,0.002686,0.600276,0.799329,0.086932,0.231273,0.021327,0.197217,0.104758,1.407039,-0.310644,-0.005434,-0.162354,0.363371,-0.04516,-0.061302,0.00496,0.387574,-0.636775,-0.485015,-0.045901,-1.012471,0.144114,-0.132821,1.537433,-0.183644,0.091152,0.077452,-0.364696,0.544543,-0.595076,0.020167,-1.157117,-1.242439,-0.360455,2.444382,0.360878,0.336538,-0.363701,-0.780387,0.317272,0.175456,0.329304,9.219376,1.048836,2.52049,-13.934797,-0.689302,1.438844,0.464166,-0.657069,0.355245,-0.291429,-0.631845
-0.171879,0.007607,0.378806,-0.027681,0.003966,0.612637,0.78987,0.118512,0.206954,0.055346,0.211068,0.099452,1.635975,-0.337933,-0.030751,-0.171102,0.419722,-0.040905,-0.052892,0.001824,0.371498,-0.622005,-0.48725,-0.023359,-0.810224,0.15,-0.05489,1.220156,-0.211212,0.128376,0.09286,-0.380591,0.546625,-0.611383,-0.002591,-1.662699,-1.255588,-0.247497,3.361076,-2.298672,0.275696,0.128644,-0.588062,1.403204,-0.200936,1.211186,10.470409,0.147143,5.031672,-16.594565,0.438244,1.395964,1.043278,-0.829592,0.024662,-0.861886,-1.164475
-0.173774,0.01058,0.379982,-0.025136,0.005985,0.626219,0.779219,-0.016179,0.067252,0.030635,0.33022,0.071851,1.71656,-0.377152,-0.055657,-0.172254,0.497814,-0.137107,-0.050275,0.010105,0.364051,-0.580647,-0.493053,0.002547,-0.593655,0.15,0.068446,0.87365,-0.166114,0.14699,0.119183,-0.39788,0.54553,-0.629551,-0.026412,-2.478917,-1.157676,-0.154867,4.034008,-2.130011,-0.336435,0.361942,-0.071867,1.752822,-0.585313,1.169302,8.423671,-7.7e-05,5.174497,-13.828976,0.628009,-0.405652,1.015168,-0.72461,-0.039106,-0.702766,-1.041004
-0.174645,0.007555,0.380031,-0.023643,0.008338,0.639561,0.768332,-0.29017,0.050595,-0.016542,0.342822,0.170087,1.629529,-0.43709,-0.077058,-0.177296,0.581082,-0.126105,-0.066349,0.016301,0.368623,-0.551892,-0.510662,0.023413,-0.473277,0.149997,0.15209,0.666997,-0.186091,0.11215,0.133467,-0.409576,0.545061,-0.639494,-0.044231,-3.559613,-1.222104,-0.009863,4.398268,1.231854,-0.626591,0.214176,0.059583,1.521655,-0.559159,0.665725,4.01891,-0.461303,2.948565,-7.324646,-1.190173,-1.513902,0.395316,-0.65918,-0.267159,-0.384205,-0.742834
-0.177876,-0.000465,0.37932,-0.022343,0.01221,0.651431,0.758281,-0.256743,0.055845,-0.063689,0.496166,0.180457,1.270267,-0.519536,-0.104541,-0.172648,0.673744,-0.087833,-0.075338,0.018672,0.366435,-0.519781,-0.515419,0.029176,-0.432899,0.131548,0.186389,0.580665,-0.213721,0.086434,0.134995,-0.424247,0.534843,-0.644919,-0.056126,-4.716276,-1.342206,0.626895,5.622965,1.685908,-0.385506,0.214785,-0.157012,1.308004,-0.063099,0.135141,1.30063,-1.01912,1.212969,-3.015677,-0.795058,-0.963135,0.009698,-0.918266,-0.298094,-0.280855,-0.447244
-0.178406,-0.002259,0.377484,-0.018813,0.017011,0.659064,0.751659,-0.135206,0.069561,-0.089969,0.541354,0.209977,0.957929,-0.625741,-0.130746,-0.15222,0.806,-0.058669,-0.081769,0.024893,0.362343,-0.499572,-0.513186,0.028819,-0.421252,0.109232,0.200608,0.54637,-0.217894,0.073624,0.133855,-0.446306,0.533137,-0.650728,-0.062121,-5.822259,-0.83441,1.371042,6.441163,0.296381,0.0202,0.150376,-0.303337,0.858516,0.168577,0.089163,0.040231,-1.087145,0.095985,-0.991033,-0.132259,-0.545749,-0.264755,-1.063815,-0.051505,-0.216297,-0.213444
-0.181342,-0.005462,0.375721,-0.017304,0.022124,0.666012,0.745412,-0.232468,0.115952,-0.076164,0.505935,0.131798,0.960441,-0.752426,-0.137918,-0.117807,0.931391,-0.075978,-0.07453,0.024687,0.354301,-0.48544,-0.508676,0.032742,-0.431289,0.088062,0.190228,0.541023,-0.219012,0.064604,0.124405,-0.4668,0.532783,-0.653571,-0.064663,-6.767387,-0.189825,2.088213,6.709033,-0.553422,0.222939,-0.041568,-0.428257,0.459238,0.402898,0.118496,-0.808522,-0.983681,-0.455073,0.277253,0.040454,-0.481937,-0.372908,-0.974648,-0.130452,-0.27657,-0.186971
-0.184057,-0.010979,0.374437,-0.01343,0.025404,0.673513,0.738617,-0.300195,0.115167,-0.050413,0.595125,-0.193738,0.987461,-0.896436,-0.138339,-0.068692,1.074362,-0.080806,-0.072852,0.02323,0.345212,-0.481203,-0.49707,0.033559,-0.453592,0.069885,0.182406,0.55746,-0.216276,0.054347,0.118939,-0.485292,0.527919,-0.661791,-0.0696,-7.609835,0.309826,2.964288,8.989902,0.097895,0.360374,-0.115283,-0.538748,0.182147,0.851612,-0.133035,-0.695359,-1.056808,-0.153082,0.28672,0.184925,-0.641787,-0.117865,-0.923514,-0.3263,-0.129998,-0.233178
-0.18703,-0.016998,0.373705,-0.00639,0.02705,0.680859,0.731887,-0.203319,0.129277,-0.008147,0.571839,-0.358361,0.934732,-1.05682,-0.125525,0.000765,1.290987,-0.072062,-0.060115,0.020076,0.332751,-0.478154,-0.474611,0.027421,-0.459104,0.04579,0.184105,0.552492,-0.211615,0.038933,0.119691,-0.50374,0.519731,-0.658771,-0.073991,-7.061798,0.868497,2.985475,9.394007,-0.152297,0.888463,-0.06515,-0.566296,0.236656,0.872297,-0.355996,0.2903,-1.19279,0.214142,-0.684684,0.339758,-0.625084,0.257374,-0.74546,-0.426521,0.065438,-0.327667
-0.189796,-0.018721,0.374111,-0.000681,0.027828,0.687489,0.725661,-0.109078,0.119543,0.052835,0.495641,-0.38365,1.002608,-1.178908,-0.103599,0.050727,1.450122,-0.086898,-0.037313,0.020624,0.322561,-0.471737,-0.462178,0.019319,-0.44198,0.022173,0.190971,0.530073,-0.202685,0.029343,0.129234,-0.515111,0.510858,-0.659173,-0.082707,-5.437365,1.201546,1.932497,7.467857,-0.786164,1.227151,0.074483,-0.42046,0.256267,0.413782,-0.246225,0.953431,-1.264981,0.102145,-1.315624,0.628825,-0.225553,0.473171,-0.465046,-0.31935,0.179093,-0.335686
-0.192037,-0.0211,0.375818,0.005523,0.028284,0.695625,0.717827,-0.09354,0.119645,0.088318,0.399892,-0.391509,1.150733,-1.274314,-0.077463,0.078065,1.589701,-0.103509,-0.011029,0.023055,0.315933,-0.467904,-0.45806,0.017572,-0.420966,-0.00481,0.188191,0.499867,-0.186462,0.02991,0.138617,-0.522342,0.506957,-0.651608,-0.087418,-3.976219,1.489566,1.075478,6.306339,-0.695724,1.177704,0.193137,-0.137052,0.026312,0.04632,-0.086959,1.092506,-1.265602,-0.146847,-1.433351,0.891879,0.139131,0.52248,-0.387555,-0.136337,0.407488,-0.233358
-0.194694,-0.022315,0.377644,0.009866,0.027881,0.704193,0.709392,-0.082687,0.144745,0.082862,0.200491,-0.342753,1.123106,-1.337957,-0.044017,0.093746,1.702376,-0.114727,0.009795,0.02835,0.317079,-0.470684,-0.460326,0.015841,-0.39828,-0.028451,0.185097,0.472739,-0.16701,0.034909,0.150133,-0.530613,0.505404,-0.642874,-0.092041,-2.540789,1.704504,0.461872,4.60024,-0.603411,0.838227,0.327965,0.100282,0.024665,-0.341813,0.121261,0.921496,-1.088385,-0.264727,-1.091713,0.931435,0.395527,0.510995,-0.400775,0.010143,0.247862,-0.310042
-0.197849,-0.024369,0.379133,0.012583,0.026459,0.711723,0.701849,-0.068971,0.172585,0.063075,0.043552,-0.225468,1.03568,-1.375946,-0.009283,0.096539,1.773711,-0.127645,0.0225,0.036174,0.319944,-0.466917,-0.471733,0.022422,-0.384107,-0.048345,0.177602,0.456199,-0.149204,0.045732,0.159057,-0.538373,0.507363,-0.641693,-0.09982,-1.362128,1.592772,-0.164399,3.232006,-0.411396,0.557945,0.327783,0.107206,0.159868,-0.388781,0.187002,0.640372,-0.918982,-0.30737,-0.685801,0.692406,0.645591,0.496936,-0.408709,0.068184,0.153132,-0.266015
-0.201557,-0.025173,0.380167,0.013135,0.025578,0.718844,0.694577,0.029498,0.20322,0.04107,-0.047418,-0.102425,0.857477,-1.392442,0.019694,0.08717,1.831656,-0.131183,0.032113,0.041461,0.321367,-0.464289,-0.475877,0.023321,-0.372665,-0.06521,0.172803,0.445307,-0.139314,0.060732,0.17001,-0.546961,0.508132,-0.636748,-0.102681,0.112704,1.366508,-0.939024,1.597911,-0.243434,0.54362,0.357798,0.125804,0.258115,-0.010499,0.10373,0.576088,-0.75044,-0.039844,-0.263821,0.335431,0.829623,0.6055,-0.3954,0.23072,0.320321,-0.050392
-0.206014,-0.023472,0.380776,0.012964,0.024575,0.723718,0.689536,0.126753,0.231764,0.027312,-0.09123,0.001095,0.53397,-1.371438,0.045378,0.058979,1.837627,-0.137382,0.044245,0.050486,0.324976,-0.456593,-0.472153,0.026571,-0.361063,-0.078363,0.176008,0.445646,-0.135787,0.078916,0.183277,-0.554189,0.516592,-0.62888,-0.101835,1.840507,1.274009,-1.533649,-0.609828,-0.291211,0.49254,0.362238,0.172561,0.512581,0.380869,0.327826,0.482761,-0.659144,0.142298,0.186925,0.075661,1.050808,0.476234,-0.227582,0.578803,0.322449,0.023326
-0.211063,-0.020561,0.381259,0.011597,0.024402,0.726245,0.686905,0.167974,0.244776,0.020195,-0.165122,0.054123,0.286616,-1.318822,0.070654,0.025824,1.807263,-0.142831,0.051814,0.05595,0.328269,-0.443786,-0.460642,0.036434,-0.353355,-0.091576,0.178495,0.452784,-0.136287,0.102765,0.18906,-0.556065,0.531284,-0.62385,-0.101748,3.395116,1.149617,-2.198281,-2.688004,-0.228732,0.439457,0.267896,0.270288,0.769653,0.452398,0.651497,0.466837,-0.572942,0.20424,0.281874,-0.163099,1.24746,-0.04493,0.223508,0.705839,-0.035848,0.055291
-0.216166,-0.017313,0.381583,0.009775,0.022981,0.727676,0.685466,0.226282,0.291036,-0.002285,-0.422218,0.04753,-0.155691,-1.235633,0.091362,-0.028953,1.730107,-0.146532,0.061823,0.061202,0.335788,-0.425806,-0.454057,0.052631,-0.34239,-0.10128,0.184178,0.456921,-0.142311,0.128815,0.18148,-0.545249,0.544825,-0.630314,-0.099624,4.832488,1.000104,-2.861845,-4.203961,0.155423,0.196194,0.195989,0.35989,0.790139,0.428515,0.791857,0.574163,-0.416965,0.444071,0.188095,-0.371801,1.289556,-0.617966,0.714503,0.862197,-0.358929,0.231884
-0.223228,-0.012226,0.381168,0.005206,0.018856,0.724164,0.689351,0.24023,0.282779,-0.031656,-0.528848,0.019634,-0.613997,-1.125522,0.110659,-0.088649,1.639104,-0.136614,0.059662,0.06379,0.342665,-0.41218,-0.443502,0.068108,-0.330388,-0.108254,0.196257,0.460307,-0.151159,0.154347,0.164341,-0.527485,0.565772,-0.638207,-0.092473,6.056865,1.079387,-3.047464,-5.865595,0.441095,-0.605909,0.220576,0.365689,0.726056,0.296875,1.077346,0.47077,-0.286747,0.591006,0.342339,-0.587724,1.115412,-0.802668,0.853439,0.913459,-0.34816,0.429306
-0.227939,-0.008276,0.380317,0.002445,0.015508,0.71927,0.694554,0.201645,0.225755,-0.037728,-0.466592,-0.198703,-0.919814,-0.993359,0.134538,-0.150851,1.495483,-0.128888,0.037587,0.070025,0.350415,-0.396764,-0.442182,0.095725,-0.323559,-0.11275,0.207818,0.470614,-0.16582,0.173431,0.149373,-0.511111,0.581364,-0.644241,-0.082451,7.603565,1.334297,-3.253946,-8.272931,0.376018,-1.53601,0.437236,0.362644,0.733805,0.131051,1.312695,0.391238,-0.229877,0.641285,0.622934,-0.739343,0.881888,-0.460573,0.707814,0.735076,-0.263207,0.429611
-0.232536,-0.004483,0.379659,0.001864,0.00931,0.711452,0.70267,0.160181,0.24234,-0.038945,-0.420797,-0.556445,-1.093796,-0.82138,0.164031,-0.218807,1.308187,-0.121573,-0.001778,0.081279,0.357171,-0.382828,-0.43826,0.120616,-0.314739,-0.11745,0.221909,0.485225,-0.180733,0.189622,0.145918,-0.499172,0.595175,-0.648736,-0.075289,8.618584,1.32571,-3.478816,-9.92154,0.055647,-2.275452,0.613305,0.412943,0.704734,0.396989,0.997178,0.436194,-0.367711,0.816089,0.796204,-0.818794,0.628655,-0.158175,0.669992,0.556771,0.059066,0.403681
-0.237712,-0.00199,0.378759,0.004633,0.001623,0.70403,0.710154,0.116036,0.277182,-0.057591,-0.277563,-0.743916,-1.172989,-0.648615,0.187566,-0.290004,1.098622,-0.126662,-0.053432,0.094557,0.366933,-0.368575,-0.426302,0.135612,-0.306111,-0.127459,0.240461,0.502462,-0.198572,0.198578,0.143046,-0.484312,0.603634,-0.641878,-0.066304,8.181745,1.062741,-3.192003,-10.535334,-0.502442,-2.761147,0.592614,0.284007,0.504671,0.74091,0.505624,0.199866,-0.660041,0.822502,1.152802,-0.889699,0.379525,-0.10075,0.728835,0.309957,0.43425,0.351795
-0.243583,0.000255,0.377355,0.00846,-0.005277,0.694833,0.719102,0.056045,0.361457,-0.090609,-0.25864,-0.682937,-1.183575,-0.49411,0.20654,-0.346487,0.886774,-0.141671,-0.112224,0.104984,0.368531,-0.362641,-0.408623,0.140841,-0.306744,-0.143851,0.254809,0.531337,-0.216321,0.204803,0.141888,-0.470019,0.607573,-0.631366,-0.061217,6.670948,0.622056,-2.461536,-9.304808,-0.998271,-2.377408,0.668572,0.107606,-0.243526,0.257207,0.23664,-0.04642,-0.868379,0.879036,0.905598,-0.722569,0.171946,-0.003409,0.698853,0.102986,0.276765,0.018221
-0.252085,0.000747,0.375135,0.010266,-0.011976,0.686997,0.726489,0.026847,0.467131,-0.107785,-0.365918,-0.545581,-0.851686,-0.381777,0.212448,-0.388465,0.726429,-0.166593,-0.148528,0.1213,0.371237,-0.378316,-0.416014,0.145078,-0.307968,-0.162194,0.275623,0.538686,-0.227474,0.205455,0.14291,-0.456357,0.607754,-0.630807,-0.065575,4.476788,-0.208827,-1.185404,-6.244859,-1.398832,-1.001337,0.571847,0.173955,-0.439344,-0.381256,0.231986,-0.295899,-0.960959,0.734084,0.457594,0.148727,0.067213,0.060899,0.601578,-0.436778,-0.065843,-0.30851
-0.262179,0.00237,0.373044,0.010408,-0.018397,0.682436,0.73064,0.05277,0.531325,-0.162565,-0.406573,-0.194555,-0.443544,-0.315039,0.198187,-0.393904,0.636979,-0.197624,-0.152278,0.127858,0.375489,-0.380215,-0.423873,0.15012,-0.31858,-0.18229,0.284172,0.549641,-0.210372,0.207492,0.144324,-0.445955,0.590102,-0.633999,-0.073557,2.323187,-0.86825,0.376693,-3.177655,-1.482306,0.411693,-0.028103,0.275458,-0.983401,-0.289876,0.185321,-0.864222,-0.985743,0.255018,0.540694,0.752687,-0.190667,0.048951,0.522197,-0.818739,-0.086037,-0.478551
-0.273145,0.004297,0.368632,0.006823,-0.020439,0.680544,0.73239,0.039373,0.553455,-0.190712,-0.299706,0.136605,-0.295119,-0.28885,0.177718,-0.373398,0.599323,-0.225885,-0.13206,0.120176,0.382256,-0.417652,-0.427609,0.152491,-0.342537,-0.201623,0.285824,0.560314,-0.197367,0.197829,0.144868,-0.43547,0.575004,-0.634249,-0.084717,0.829516,-1.214255,1.350779,-1.199224,-1.391661,1.173172,-0.35189,0.305464,-1.572585,-0.380526,0.038586,-1.788409,-0.978589,-0.192991,1.016516,0.685672,-0.749323,0.298812,0.448051,-0.93862,-0.32834,-0.687741
-0.284143,0.005555,0.365415,0.004045,-0.020523,0.678215,0.734566,0.016348,0.536094,-0.044998,-0.250513,0.224389,-0.302732,-0.281858,0.149617,-0.339872,0.58901,-0.253291,-0.105351,0.113782,0.387708,-0.443119,-0.439094,0.151664,-0.390117,-0.221433,0.276453,0.590301,-0.182945,0.177519,0.156277,-0.428033,0.552557,-0.647133,-0.101067,0.539613,-1.334346,1.215222,-1.094321,-1.573184,1.528644,-0.189463,0.300574,-1.497406,-0.862878,0.020688,-3.339891,-0.700422,-0.573175,2.81955,1.443896,-1.003331,0.408921,0.499154,-1.085837,-0.243496,-0.57552
-0.29447,0.006648,0.366832,-2.5e-05,-0.020562,0.676213,0.736419,0.05253,0.597638,0.090323,-0.477243,0.55474,-0.330768,-0.267265,0.124345,-0.324789,0.55555,-0.288812,-0.070914,0.112597,0.394279,-0.477548,-0.462124,0.153318,-0.476132,-0.22964,0.262897,0.673096,-0.139611,0.157696,0.161225,-0.415503,0.531571,-0.643989,-0.107738,0.460788,-1.243536,0.45692,-1.635426,-1.420488,1.616977,-0.22305,0.565269,-1.736111,-1.165212,-0.284564,-5.622143,0.232522,-0.890861,6.849796,2.300991,-0.934866,-0.208232,0.683349,-0.896541,0.144962,0.277369
-0.307785,0.009673,0.369028,-0.010618,-0.018797,0.673547,0.738829,0.043367,0.576448,0.084732,-0.607799,0.899762,-0.768876,-0.263426,0.099875,-0.321596,0.523593,-0.31011,-0.040672,0.10486,0.410318,-0.512563,-0.485703,0.140281,-0.615002,-0.212132,0.240818,0.864293,-0.090905,0.140124,0.147947,-0.400699,0.516696,-0.641335,-0.089972,0.194569,-0.95939,0.154034,-1.872728,-0.676192,1.356796,-0.421326,0.688724,-1.391553,-1.177619,-0.646886,-8.094968,1.49704,-1.556887,11.917409,2.262861,-0.523873,-0.840478,0.746687,-0.399458,-0.006683,0.799126
-0.317271,0.010496,0.370222,-0.021424,-0.015377,0.665042,0.74634,-0.066263,0.470358,0.035766,-0.531769,0.693482,-1.283188,-0.259483,0.085969,-0.318627,0.480641,-0.31586,-0.016643,0.095744,0.421828,-0.53321,-0.509229,0.127443,-0.799931,-0.169759,0.200621,1.149792,-0.049097,0.136741,0.127606,-0.385636,0.515593,-0.644256,-0.075773,0.328476,-0.690623,0.497921,-2.293544,0.102213,1.088524,-0.278381,0.618104,-0.987744,-0.835614,-0.652228,-9.759659,2.518898,-2.850902,15.917899,1.398924,-0.058697,-1.219335,1.031,0.390953,0.266846,1.042536
-0.326779,0.009203,0.370459,-0.028217,-0.01504,0.654451,0.755428,-0.205821,0.36993,-3e-05,-0.351924,0.162106,-1.232152,-0.250287,0.072251,-0.301679,0.431852,-0.306022,0.002869,0.093725,0.435042,-0.552073,-0.519127,0.114192,-1.005389,-0.111376,0.126782,1.501009,-0.034949,0.137777,0.099174,-0.359459,0.532334,-0.630661,-0.048271,0.235765,-0.498456,1.178674,-1.915058,0.774497,0.632083,-0.017388,0.526755,-0.827497,-0.511778,-0.584891,-8.790709,2.336046,-4.095908,15.21427,-0.237111,-0.166052,-0.9995,1.078724,0.414606,0.284691,0.674729
-0.333093,0.004463,0.370221,-0.029265,-0.016894,0.646355,0.762288,-0.262578,0.290527,-0.002626,-0.044543,-0.039642,-0.8019,-0.250052,0.066031,-0.27148,0.404039,-0.28488,0.008641,0.095049,0.442898,-0.56631,-0.5297,0.104047,-1.151559,-0.076317,0.036785,1.758363,-0.058581,0.130099,0.087626,-0.342487,0.532177,-0.632868,-0.048784,-0.298417,-0.570112,1.691586,-0.868538,1.011871,0.040525,-0.195467,0.153051,-0.505117,-0.434403,-0.868529,-5.707282,1.606358,-3.899821,9.609913,-1.786013,-0.76806,-0.353468,0.417589,-0.041404,-0.382148,-0.068459
-0.339965,0.000747,0.370354,-0.028634,-0.015764,0.642213,0.765829,-0.226827,0.256423,-0.013963,0.307091,0.084796,-0.285265,-0.262224,0.049446,-0.234015,0.39711,-0.265547,0.00449,0.085906,0.441164,-0.572277,-0.536504,0.079451,-1.23368,-0.047122,-0.029211,1.885405,-0.106389,0.107054,0.085035,-0.342756,0.530678,-0.645947,-0.051009,-0.644969,-0.920045,1.628052,-0.234348,0.888013,-0.239482,-0.399536,-0.234586,-0.184536,-0.306942,-1.101164,-2.947027,1.231147,-3.277998,4.694437,-2.184383,-0.847866,-0.134988,-0.013785,0.010668,-0.379395,-0.087142
-0.344777,-0.002679,0.369662,-0.025716,-0.011505,0.642178,0.766037,-0.194402,0.15893,-0.029779,0.571788,0.068798,0.238391,-0.275851,0.029229,-0.206358,0.394665,-0.24936,-0.000939,0.079067,0.433514,-0.573692,-0.541977,0.060001,-1.26944,-0.027071,-0.094335,1.946141,-0.145956,0.096184,0.082226,-0.343038,0.532604,-0.648044,-0.05227,-0.892729,-1.036893,1.222154,0.430684,0.902255,-0.275666,-0.342031,-0.356993,-0.103942,-0.346753,-0.775925,-0.327231,0.9429,-2.661319,1.154639,-1.630212,-0.444336,-0.085898,-0.156154,0.406012,-0.191374,0.146377
-0.347584,-0.005797,0.369163,-0.020676,-0.007507,0.646133,0.762908,-0.107483,0.082604,-0.021709,0.616751,0.041969,0.678817,-0.297933,0.00797,-0.185129,0.414337,-0.229457,-0.006536,0.072225,0.426885,-0.576435,-0.550374,0.048414,-1.246769,-0.009406,-0.135664,1.931591,-0.171598,0.089281,0.081599,-0.349002,0.546918,-0.653602,-0.045154,-1.032858,-0.979249,0.801048,1.099242,0.94558,-0.288247,-0.277471,-0.40644,0.046259,-0.166557,-0.361543,1.920073,1.10013,-1.539049,-2.262238,-0.980965,-0.140366,0.069202,-0.338929,0.667068,-0.245827,0.118145
